date,campaign_name,ad_set_name,ad_id,ad_name,spend,impressions,clicks,frequency_7d,purchases,purchase_value,new_customer_purchases,new_customer_value
2026-04-21,Scaling | ASC | Core Products,ASC | Broad,AD-011,UGC | Morning Routine | Sarah K | Bio-Avail Multi,693.24,20689,223,1.99,12,1155.66,11,1090.54
2026-04-21,Scaling | ASC | Core Products,ASC | Broad,AD-012,Static | 'One Scoop' Benefit Stack | Multi,673.35,18110,174,1.88,12,1119.39,11,1048.64
2026-04-21,Scaling | ASC | Core Products,ASC | Broad,AD-014,Video | Founder Story | Chris | Bio-Avail Multi,984.78,32208,426,1.9,22,1868.53,20,1738.64
2026-04-21,Scaling | ASC | Core Products,ASC | Broad,AD-016,UGC | 'I Quit 6 Supplements' | Mark T | Multi,729.5,20296,213,1.75,14,1300.96,13,1234.0
2026-04-21,Prospecting | Interest Stacks,Stack | Health & Wellness,AD-005,Static | Organ Meats Without the Taste | Organs,246.74,8484,66,1.61,3,269.6,3,269.6
2026-04-21,Prospecting | Interest Stacks,Stack | Health & Wellness,AD-007,Video | Why Multivitamins Fail | Multi,300.4,9006,90,1.95,3,274.9,3,274.9
2026-04-21,Prospecting | Interest Stacks,Stack | Health & Wellness,AD-008,Static | Clinician-Grade Standard | Brand,154.48,3906,30,1.66,1,90.28,1,90.28
2026-04-21,Prospecting | Interest Stacks,Stack | Health & Wellness,AD-009,Video | Omega Freshness Test | Omega,196.66,5889,56,1.96,2,180.91,2,180.91
2026-04-21,Remarketing | DPA | Engagers 30D,Engagers + Visitors 30D,AD-201,DPA | Viewed Product 14D | Dynamic,236.95,7866,142,1.89,10,750.36,3,268.79
2026-04-21,Remarketing | DPA | Engagers 30D,Engagers + Visitors 30D,AD-202,Static | 'Still Thinking It Over?' 10% Offer,152.84,4269,69,1.89,6,477.17,2,186.04
2026-04-21,Remarketing | DPA | Engagers 30D,Engagers + Visitors 30D,AD-203,Video | Reviews Social Proof | All Products,122.33,4183,61,1.67,3,221.2,1,87.83
2026-04-21,Testing | ABO | Weekly Concepts,Testing | Broad 18-65,AD-101,TEST | Hook: 'Doctor said WHAT',217.96,5517,50,1.61,3,287.81,3,287.81
2026-04-21,Testing | ABO | Weekly Concepts,Testing | Broad 18-65,AD-102,TEST | Static: Label Closeup,261.55,7502,46,2.07,4,353.34,4,353.34
2026-04-22,Scaling | ASC | Core Products,ASC | Broad,AD-011,UGC | Morning Routine | Sarah K | Bio-Avail Multi,715.93,18473,209,2.01,11,912.47,10,846.1
2026-04-22,Scaling | ASC | Core Products,ASC | Broad,AD-012,Static | 'One Scoop' Benefit Stack | Multi,576.74,15493,162,1.96,9,758.46,8,693.66
2026-04-22,Scaling | ASC | Core Products,ASC | Broad,AD-014,Video | Founder Story | Chris | Bio-Avail Multi,888.19,23399,343,1.9,21,1969.99,19,1831.35
2026-04-22,Scaling | ASC | Core Products,ASC | Broad,AD-016,UGC | 'I Quit 6 Supplements' | Mark T | Multi,643.52,16402,188,1.73,11,929.1,10,865.31
2026-04-22,Prospecting | Interest Stacks,Stack | Health & Wellness,AD-005,Static | Organ Meats Without the Taste | Organs,290.2,7494,67,2.05,4,372.06,4,372.06
2026-04-22,Prospecting | Interest Stacks,Stack | Health & Wellness,AD-007,Video | Why Multivitamins Fail | Multi,310.47,8399,87,1.65,3,257.75,3,257.75
2026-04-22,Prospecting | Interest Stacks,Stack | Health & Wellness,AD-008,Static | Clinician-Grade Standard | Brand,195.72,6491,56,1.68,1,87.97,1,87.97
2026-04-22,Prospecting | Interest Stacks,Stack | Health & Wellness,AD-009,Video | Omega Freshness Test | Omega,192.74,6483,65,1.85,2,184.84,2,184.84
2026-04-22,Remarketing | DPA | Engagers 30D,Engagers + Visitors 30D,AD-201,DPA | Viewed Product 14D | Dynamic,225.88,6458,124,1.95,10,734.39,3,288.93
2026-04-22,Remarketing | DPA | Engagers 30D,Engagers + Visitors 30D,AD-202,Static | 'Still Thinking It Over?' 10% Offer,151.54,3872,66,1.66,3,236.44,1,96.73
2026-04-22,Remarketing | DPA | Engagers 30D,Engagers + Visitors 30D,AD-203,Video | Reviews Social Proof | All Products,126.18,3227,52,1.74,3,221.64,1,92.82
2026-04-22,Testing | ABO | Weekly Concepts,Testing | Broad 18-65,AD-101,TEST | Hook: 'Doctor said WHAT',230.39,6554,60,2.08,3,256.53,3,256.53
2026-04-22,Testing | ABO | Weekly Concepts,Testing | Broad 18-65,AD-102,TEST | Static: Label Closeup,232.01,6113,43,1.65,3,273.76,3,273.76
2026-04-23,Scaling | ASC | Core Products,ASC | Broad,AD-011,UGC | Morning Routine | Sarah K | Bio-Avail Multi,679.36,17687,175,1.93,18,1508.97,16,1380.23
2026-04-23,Scaling | ASC | Core Products,ASC | Broad,AD-012,Static | 'One Scoop' Benefit Stack | Multi,675.27,23447,214,1.65,11,1067.79,10,1003.06
2026-04-23,Scaling | ASC | Core Products,ASC | Broad,AD-014,Video | Founder Story | Chris | Bio-Avail Multi,928.94,30978,402,1.9,26,2177.01,23,1975.42
2026-04-23,Scaling | ASC | Core Products,ASC | Broad,AD-016,UGC | 'I Quit 6 Supplements' | Mark T | Multi,642.02,22416,258,1.69,14,1274.54,13,1205.33
2026-04-23,Prospecting | Interest Stacks,Stack | Health & Wellness,AD-005,Static | Organ Meats Without the Taste | Organs,253.94,8903,77,2.03,4,398.12,4,398.12
2026-04-23,Prospecting | Interest Stacks,Stack | Health & Wellness,AD-007,Video | Why Multivitamins Fail | Multi,265.44,7742,70,1.79,4,372.87,4,372.87
2026-04-23,Prospecting | Interest Stacks,Stack | Health & Wellness,AD-008,Static | Clinician-Grade Standard | Brand,147.24,3791,25,2.02,1,93.22,1,93.22
2026-04-23,Prospecting | Interest Stacks,Stack | Health & Wellness,AD-009,Video | Omega Freshness Test | Omega,192.94,5603,55,1.67,2,161.84,2,161.84
2026-04-23,Remarketing | DPA | Engagers 30D,Engagers + Visitors 30D,AD-201,DPA | Viewed Product 14D | Dynamic,268.06,7946,172,1.67,13,979.84,4,340.83
2026-04-23,Remarketing | DPA | Engagers 30D,Engagers + Visitors 30D,AD-202,Static | 'Still Thinking It Over?' 10% Offer,170.0,4692,81,1.79,6,486.05,2,189.44
2026-04-23,Remarketing | DPA | Engagers 30D,Engagers + Visitors 30D,AD-203,Video | Reviews Social Proof | All Products,143.82,3766,64,1.87,6,454.2,2,181.29
2026-04-23,Testing | ABO | Weekly Concepts,Testing | Broad 18-65,AD-101,TEST | Hook: 'Doctor said WHAT',233.56,6427,63,1.7,4,382.08,4,382.08
2026-04-23,Testing | ABO | Weekly Concepts,Testing | Broad 18-65,AD-102,TEST | Static: Label Closeup,228.77,7715,52,2.07,3,297.66,3,297.66
2026-04-24,Scaling | ASC | Core Products,ASC | Broad,AD-011,UGC | Morning Routine | Sarah K | Bio-Avail Multi,666.16,18989,204,1.73,13,1239.75,12,1169.65
2026-04-24,Scaling | ASC | Core Products,ASC | Broad,AD-012,Static | 'One Scoop' Benefit Stack | Multi,481.15,12945,128,1.86,10,812.86,9,746.84
2026-04-24,Scaling | ASC | Core Products,ASC | Broad,AD-014,Video | Founder Story | Chris | Bio-Avail Multi,984.62,33891,474,1.9,31,2715.97,28,2503.5
2026-04-24,Scaling | ASC | Core Products,ASC | Broad,AD-016,UGC | 'I Quit 6 Supplements' | Mark T | Multi,708.21,19063,215,2.05,12,1072.04,11,1004.56
2026-04-24,Prospecting | Interest Stacks,Stack | Health & Wellness,AD-005,Static | Organ Meats Without the Taste | Organs,280.58,8606,87,1.82,3,264.88,3,264.88
2026-04-24,Prospecting | Interest Stacks,Stack | Health & Wellness,AD-007,Video | Why Multivitamins Fail | Multi,307.91,7728,85,1.79,4,378.34,4,378.34
2026-04-24,Prospecting | Interest Stacks,Stack | Health & Wellness,AD-008,Static | Clinician-Grade Standard | Brand,169.87,4845,34,1.66,2,196.45,2,196.45
2026-04-24,Prospecting | Interest Stacks,Stack | Health & Wellness,AD-009,Video | Omega Freshness Test | Omega,182.26,5472,56,1.83,2,186.56,2,186.56
2026-04-24,Remarketing | DPA | Engagers 30D,Engagers + Visitors 30D,AD-201,DPA | Viewed Product 14D | Dynamic,228.76,6013,135,1.74,10,768.18,3,286.69
2026-04-24,Remarketing | DPA | Engagers 30D,Engagers + Visitors 30D,AD-202,Static | 'Still Thinking It Over?' 10% Offer,158.42,5331,97,1.72,6,459.59,2,180.41
2026-04-24,Remarketing | DPA | Engagers 30D,Engagers + Visitors 30D,AD-203,Video | Reviews Social Proof | All Products,111.49,3895,52,1.6,3,206.45,1,85.43
2026-04-24,Testing | ABO | Weekly Concepts,Testing | Broad 18-65,AD-101,TEST | Hook: 'Doctor said WHAT',229.38,6155,69,2.06,4,366.73,4,366.73
2026-04-24,Testing | ABO | Weekly Concepts,Testing | Broad 18-65,AD-102,TEST | Static: Label Closeup,217.63,7287,48,2.03,3,271.1,3,271.1
2026-04-25,Scaling | ASC | Core Products,ASC | Broad,AD-011,UGC | Morning Routine | Sarah K | Bio-Avail Multi,748.99,21160,255,1.63,12,994.7,11,923.47
2026-04-25,Scaling | ASC | Core Products,ASC | Broad,AD-012,Static | 'One Scoop' Benefit Stack | Multi,637.63,16036,142,1.69,10,889.33,9,820.2
2026-04-25,Scaling | ASC | Core Products,ASC | Broad,AD-014,Video | Founder Story | Chris | Bio-Avail Multi,1119.47,35408,412,1.9,31,2749.35,28,2533.66
2026-04-25,Scaling | ASC | Core Products,ASC | Broad,AD-016,UGC | 'I Quit 6 Supplements' | Mark T | Multi,776.35,23634,315,1.85,18,1614.21,16,1477.12
2026-04-25,Prospecting | Interest Stacks,Stack | Health & Wellness,AD-005,Static | Organ Meats Without the Taste | Organs,252.35,7085,64,1.91,2,169.94,2,169.94
2026-04-25,Prospecting | Interest Stacks,Stack | Health & Wellness,AD-007,Video | Why Multivitamins Fail | Multi,274.36,8308,102,1.62,3,263.04,3,263.04
2026-04-25,Prospecting | Interest Stacks,Stack | Health & Wellness,AD-008,Static | Clinician-Grade Standard | Brand,174.24,4863,38,1.92,1,97.03,1,97.03
2026-04-25,Prospecting | Interest Stacks,Stack | Health & Wellness,AD-009,Video | Omega Freshness Test | Omega,210.11,6152,69,1.78,2,189.42,2,189.42
2026-04-25,Remarketing | DPA | Engagers 30D,Engagers + Visitors 30D,AD-201,DPA | Viewed Product 14D | Dynamic,245.72,6458,144,1.76,10,750.34,3,281.1
2026-04-25,Remarketing | DPA | Engagers 30D,Engagers + Visitors 30D,AD-202,Static | 'Still Thinking It Over?' 10% Offer,180.8,5691,85,1.69,6,418.98,2,166.57
2026-04-25,Remarketing | DPA | Engagers 30D,Engagers + Visitors 30D,AD-203,Video | Reviews Social Proof | All Products,145.84,4141,58,1.68,3,243.03,1,89.53
2026-04-25,Testing | ABO | Weekly Concepts,Testing | Broad 18-65,AD-101,TEST | Hook: 'Doctor said WHAT',220.84,6056,59,1.94,3,274.81,3,274.81
2026-04-25,Testing | ABO | Weekly Concepts,Testing | Broad 18-65,AD-102,TEST | Static: Label Closeup,237.4,7915,66,1.68,4,350.58,4,350.58
2026-04-26,Scaling | ASC | Core Products,ASC | Broad,AD-011,UGC | Morning Routine | Sarah K | Bio-Avail Multi,806.24,24647,327,1.82,13,1191.88,12,1118.35
2026-04-26,Scaling | ASC | Core Products,ASC | Broad,AD-012,Static | 'One Scoop' Benefit Stack | Multi,636.25,16362,162,1.69,7,636.07,6,569.88
2026-04-26,Scaling | ASC | Core Products,ASC | Broad,AD-014,Video | Founder Story | Chris | Bio-Avail Multi,1166.63,40215,458,1.9,24,2184.01,22,2049.22
2026-04-26,Scaling | ASC | Core Products,ASC | Broad,AD-016,UGC | 'I Quit 6 Supplements' | Mark T | Multi,722.02,25159,250,1.98,13,1210.51,12,1141.19
2026-04-26,Prospecting | Interest Stacks,Stack | Health & Wellness,AD-005,Static | Organ Meats Without the Taste | Organs,268.0,7869,67,2.03,2,174.74,2,174.74
2026-04-26,Prospecting | Interest Stacks,Stack | Health & Wellness,AD-007,Video | Why Multivitamins Fail | Multi,270.84,6943,71,1.8,2,192.47,2,192.47
2026-04-26,Prospecting | Interest Stacks,Stack | Health & Wellness,AD-008,Static | Clinician-Grade Standard | Brand,172.27,5160,39,2.06,1,91.69,1,91.69
2026-04-26,Prospecting | Interest Stacks,Stack | Health & Wellness,AD-009,Video | Omega Freshness Test | Omega,189.42,4761,53,1.92,2,181.69,2,181.69
2026-04-26,Remarketing | DPA | Engagers 30D,Engagers + Visitors 30D,AD-201,DPA | Viewed Product 14D | Dynamic,210.49,5481,123,1.99,10,716.71,3,260.23
2026-04-26,Remarketing | DPA | Engagers 30D,Engagers + Visitors 30D,AD-202,Static | 'Still Thinking It Over?' 10% Offer,156.85,3939,72,2.08,6,424.53,2,169.41
2026-04-26,Remarketing | DPA | Engagers 30D,Engagers + Visitors 30D,AD-203,Video | Reviews Social Proof | All Products,111.6,2802,47,1.84,3,226.53,1,94.4
2026-04-26,Testing | ABO | Weekly Concepts,Testing | Broad 18-65,AD-101,TEST | Hook: 'Doctor said WHAT',230.99,5908,64,2.0,3,253.69,3,253.69
2026-04-26,Testing | ABO | Weekly Concepts,Testing | Broad 18-65,AD-102,TEST | Static: Label Closeup,223.59,6115,48,1.94,3,258.86,3,258.86
2026-04-27,Scaling | ASC | Core Products,ASC | Broad,AD-011,UGC | Morning Routine | Sarah K | Bio-Avail Multi,730.99,19087,220,1.91,14,1229.13,13,1159.51
2026-04-27,Scaling | ASC | Core Products,ASC | Broad,AD-012,Static | 'One Scoop' Benefit Stack | Multi,588.57,16322,139,2.05,7,675.54,6,598.3
2026-04-27,Scaling | ASC | Core Products,ASC | Broad,AD-014,Video | Founder Story | Chris | Bio-Avail Multi,966.29,29493,386,1.9,26,2211.42,23,2001.42
2026-04-27,Scaling | ASC | Core Products,ASC | Broad,AD-016,UGC | 'I Quit 6 Supplements' | Mark T | Multi,720.63,19120,258,1.96,14,1243.52,13,1176.0
2026-04-27,Prospecting | Interest Stacks,Stack | Health & Wellness,AD-005,Static | Organ Meats Without the Taste | Organs,228.68,5866,62,1.8,2,200.0,2,200.0
2026-04-27,Prospecting | Interest Stacks,Stack | Health & Wellness,AD-007,Video | Why Multivitamins Fail | Multi,305.86,9146,94,1.61,4,362.09,4,362.09
2026-04-27,Prospecting | Interest Stacks,Stack | Health & Wellness,AD-008,Static | Clinician-Grade Standard | Brand,174.85,5565,41,1.87,1,84.86,1,84.86
2026-04-27,Prospecting | Interest Stacks,Stack | Health & Wellness,AD-009,Video | Omega Freshness Test | Omega,195.91,5583,56,1.97,2,172.28,2,172.28
2026-04-27,Remarketing | DPA | Engagers 30D,Engagers + Visitors 30D,AD-201,DPA | Viewed Product 14D | Dynamic,332.88,8875,183,1.88,17,1343.3,5,474.6
2026-04-27,Remarketing | DPA | Engagers 30D,Engagers + Visitors 30D,AD-202,Static | 'Still Thinking It Over?' 10% Offer,175.91,4530,78,2.01,6,484.58,2,191.42
2026-04-27,Remarketing | DPA | Engagers 30D,Engagers + Visitors 30D,AD-203,Video | Reviews Social Proof | All Products,132.6,3882,62,2.08,3,212.69,1,82.2
2026-04-27,Testing | ABO | Weekly Concepts,Testing | Broad 18-65,AD-101,TEST | Hook: 'Doctor said WHAT',178.31,5328,52,1.63,3,272.64,3,272.64
2026-04-27,Testing | ABO | Weekly Concepts,Testing | Broad 18-65,AD-102,TEST | Static: Label Closeup,213.71,5874,41,1.63,4,363.95,4,363.95
2026-04-28,Scaling | ASC | Core Products,ASC | Broad,AD-011,UGC | Morning Routine | Sarah K | Bio-Avail Multi,800.97,28590,321,2.03,12,1006.27,11,935.9
2026-04-28,Scaling | ASC | Core Products,ASC | Broad,AD-012,Static | 'One Scoop' Benefit Stack | Multi,589.02,18924,201,2.02,7,577.13,6,512.2
2026-04-28,Scaling | ASC | Core Products,ASC | Broad,AD-014,Video | Founder Story | Chris | Bio-Avail Multi,1106.49,28252,340,1.9,26,2368.51,23,2163.91
2026-04-28,Scaling | ASC | Core Products,ASC | Broad,AD-016,UGC | 'I Quit 6 Supplements' | Mark T | Multi,712.1,18246,203,1.67,16,1466.45,14,1341.03
2026-04-28,Prospecting | Interest Stacks,Stack | Health & Wellness,AD-005,Static | Organ Meats Without the Taste | Organs,239.65,6831,49,1.88,3,289.15,3,289.15
2026-04-28,Prospecting | Interest Stacks,Stack | Health & Wellness,AD-007,Video | Why Multivitamins Fail | Multi,256.14,6693,68,1.99,3,262.34,3,262.34
2026-04-28,Prospecting | Interest Stacks,Stack | Health & Wellness,AD-008,Static | Clinician-Grade Standard | Brand,170.1,4505,36,1.78,2,188.12,2,188.12
2026-04-28,Prospecting | Interest Stacks,Stack | Health & Wellness,AD-009,Video | Omega Freshness Test | Omega,181.01,6255,63,1.76,1,92.39,1,92.39
2026-04-28,Remarketing | DPA | Engagers 30D,Engagers + Visitors 30D,AD-201,DPA | Viewed Product 14D | Dynamic,288.17,9060,195,1.97,13,986.46,4,368.22
2026-04-28,Remarketing | DPA | Engagers 30D,Engagers + Visitors 30D,AD-202,Static | 'Still Thinking It Over?' 10% Offer,153.86,4513,71,1.69,6,480.85,2,183.27
2026-04-28,Remarketing | DPA | Engagers 30D,Engagers + Visitors 30D,AD-203,Video | Reviews Social Proof | All Products,135.29,3489,57,1.66,3,222.13,1,87.15
2026-04-28,Testing | ABO | Weekly Concepts,Testing | Broad 18-65,AD-101,TEST | Hook: 'Doctor said WHAT',97.34,2706,22,1.75,1,96.7,1,96.7
2026-04-28,Testing | ABO | Weekly Concepts,Testing | Broad 18-65,AD-102,TEST | Static: Label Closeup,116.78,3305,22,1.73,2,187.52,2,187.52
2026-04-28,Testing | ABO | Weekly Concepts,Testing | Broad 18-65,AD-103,TEST | UGC: Gym Bag Tour,117.47,2951,22,1.98,1,91.08,1,91.08
2026-04-28,Testing | ABO | Weekly Concepts,Testing | Broad 18-65,AD-104,TEST | Video: 60s Explainer,109.77,3768,52,1.8,1,93.13,1,93.13
2026-04-29,Scaling | ASC | Core Products,ASC | Broad,AD-011,UGC | Morning Routine | Sarah K | Bio-Avail Multi,682.06,17804,211,1.7,11,889.57,10,827.61
2026-04-29,Scaling | ASC | Core Products,ASC | Broad,AD-012,Static | 'One Scoop' Benefit Stack | Multi,568.39,16617,178,1.79,6,542.72,5,469.2
2026-04-29,Scaling | ASC | Core Products,ASC | Broad,AD-014,Video | Founder Story | Chris | Bio-Avail Multi,841.99,21934,270,1.9,22,2125.22,20,1976.13
2026-04-29,Scaling | ASC | Core Products,ASC | Broad,AD-016,UGC | 'I Quit 6 Supplements' | Mark T | Multi,621.03,19093,250,2.09,12,1087.9,11,1018.65
2026-04-29,Prospecting | Interest Stacks,Stack | Health & Wellness,AD-005,Static | Organ Meats Without the Taste | Organs,327.9,9309,79,1.8,3,288.83,3,288.83
2026-04-29,Prospecting | Interest Stacks,Stack | Health & Wellness,AD-007,Video | Why Multivitamins Fail | Multi,348.02,11618,123,1.67,3,285.35,3,285.35
2026-04-29,Prospecting | Interest Stacks,Stack | Health & Wellness,AD-008,Static | Clinician-Grade Standard | Brand,181.96,4717,33,1.98,2,172.06,2,172.06
2026-04-29,Prospecting | Interest Stacks,Stack | Health & Wellness,AD-009,Video | Omega Freshness Test | Omega,227.35,7965,70,1.73,2,184.58,2,184.58
2026-04-29,Remarketing | DPA | Engagers 30D,Engagers + Visitors 30D,AD-201,DPA | Viewed Product 14D | Dynamic,243.9,6560,137,1.75,10,739.67,3,289.39
2026-04-29,Remarketing | DPA | Engagers 30D,Engagers + Visitors 30D,AD-202,Static | 'Still Thinking It Over?' 10% Offer,148.2,4997,101,1.64,3,206.07,1,81.18
2026-04-29,Remarketing | DPA | Engagers 30D,Engagers + Visitors 30D,AD-203,Video | Reviews Social Proof | All Products,114.2,3808,63,1.87,3,228.44,1,96.96
2026-04-29,Testing | ABO | Weekly Concepts,Testing | Broad 18-65,AD-101,TEST | Hook: 'Doctor said WHAT',111.0,3378,34,1.79,2,199.21,2,199.21
2026-04-29,Testing | ABO | Weekly Concepts,Testing | Broad 18-65,AD-102,TEST | Static: Label Closeup,125.97,4313,33,2.05,2,177.21,2,177.21
2026-04-29,Testing | ABO | Weekly Concepts,Testing | Broad 18-65,AD-103,TEST | UGC: Gym Bag Tour,111.68,3057,27,1.72,2,188.94,2,188.94
2026-04-29,Testing | ABO | Weekly Concepts,Testing | Broad 18-65,AD-104,TEST | Video: 60s Explainer,91.9,2339,31,1.68,1,91.24,1,91.24
2026-04-30,Scaling | ASC | Core Products,ASC | Broad,AD-011,UGC | Morning Routine | Sarah K | Bio-Avail Multi,777.74,26291,302,1.82,16,1512.96,14,1365.28
2026-04-30,Scaling | ASC | Core Products,ASC | Broad,AD-012,Static | 'One Scoop' Benefit Stack | Multi,617.02,20235,190,1.88,12,1125.5,11,1056.78
2026-04-30,Scaling | ASC | Core Products,ASC | Broad,AD-014,Video | Founder Story | Chris | Bio-Avail Multi,1050.01,31268,434,1.9,28,2515.14,25,2338.95
2026-04-30,Scaling | ASC | Core Products,ASC | Broad,AD-016,UGC | 'I Quit 6 Supplements' | Mark T | Multi,698.23,20765,238,1.97,14,1194.09,13,1128.47
2026-04-30,Prospecting | Interest Stacks,Stack | Health & Wellness,AD-005,Static | Organ Meats Without the Taste | Organs,264.38,7143,65,1.91,4,370.42,4,370.42
2026-04-30,Prospecting | Interest Stacks,Stack | Health & Wellness,AD-007,Video | Why Multivitamins Fail | Multi,302.69,7582,75,1.6,3,289.06,3,289.06
2026-04-30,Prospecting | Interest Stacks,Stack | Health & Wellness,AD-008,Static | Clinician-Grade Standard | Brand,179.11,5474,43,1.92,1,87.33,1,87.33
2026-04-30,Prospecting | Interest Stacks,Stack | Health & Wellness,AD-009,Video | Omega Freshness Test | Omega,206.81,6141,63,1.9,2,186.12,2,186.12
2026-04-30,Remarketing | DPA | Engagers 30D,Engagers + Visitors 30D,AD-201,DPA | Viewed Product 14D | Dynamic,298.18,7702,156,1.82,10,800.82,3,288.28
2026-04-30,Remarketing | DPA | Engagers 30D,Engagers + Visitors 30D,AD-202,Static | 'Still Thinking It Over?' 10% Offer,218.16,6643,123,1.97,9,688.36,3,277.68
2026-04-30,Remarketing | DPA | Engagers 30D,Engagers + Visitors 30D,AD-203,Video | Reviews Social Proof | All Products,151.39,4715,74,1.92,6,460.7,2,184.03
2026-04-30,Testing | ABO | Weekly Concepts,Testing | Broad 18-65,AD-101,TEST | Hook: 'Doctor said WHAT',113.66,4025,35,1.93,2,179.45,2,179.45
2026-04-30,Testing | ABO | Weekly Concepts,Testing | Broad 18-65,AD-102,TEST | Static: Label Closeup,107.72,3645,27,1.93,2,189.79,2,189.79
2026-04-30,Testing | ABO | Weekly Concepts,Testing | Broad 18-65,AD-103,TEST | UGC: Gym Bag Tour,120.11,3481,22,1.7,1,82.5,1,82.5
2026-04-30,Testing | ABO | Weekly Concepts,Testing | Broad 18-65,AD-104,TEST | Video: 60s Explainer,117.07,2947,40,1.76,1,94.26,1,94.26
2026-05-01,Scaling | ASC | Core Products,ASC | Broad,AD-011,UGC | Morning Routine | Sarah K | Bio-Avail Multi,716.22,18256,224,1.82,11,1036.33,10,965.91
2026-05-01,Scaling | ASC | Core Products,ASC | Broad,AD-012,Static | 'One Scoop' Benefit Stack | Multi,533.85,17259,155,1.77,10,858.87,9,789.37
2026-05-01,Scaling | ASC | Core Products,ASC | Broad,AD-014,Video | Founder Story | Chris | Bio-Avail Multi,779.09,20970,361,1.9,18,1721.45,16,1584.43
2026-05-01,Scaling | ASC | Core Products,ASC | Broad,AD-016,UGC | 'I Quit 6 Supplements' | Mark T | Multi,615.62,17573,190,1.73,16,1402.86,14,1258.94
2026-05-01,Scaling | ASC | Core Products,ASC | Broad,AD-019,Carousel | Ingredient Transparency | Multi,377.18,11774,104,1.6,7,617.2,6,549.87
2026-05-01,Prospecting | Interest Stacks,Stack | Health & Wellness,AD-005,Static | Organ Meats Without the Taste | Organs,232.45,7668,69,2.1,3,317.62,3,317.62
2026-05-01,Prospecting | Interest Stacks,Stack | Health & Wellness,AD-007,Video | Why Multivitamins Fail | Multi,295.06,9949,105,1.63,3,277.53,3,277.53
2026-05-01,Prospecting | Interest Stacks,Stack | Health & Wellness,AD-008,Static | Clinician-Grade Standard | Brand,141.13,4686,34,2.02,1,92.04,1,92.04
2026-05-01,Prospecting | Interest Stacks,Stack | Health & Wellness,AD-009,Video | Omega Freshness Test | Omega,186.82,4671,45,2.1,2,188.61,2,188.61
2026-05-01,Remarketing | DPA | Engagers 30D,Engagers + Visitors 30D,AD-201,DPA | Viewed Product 14D | Dynamic,329.94,11529,255,1.81,10,730.64,3,285.84
2026-05-01,Remarketing | DPA | Engagers 30D,Engagers + Visitors 30D,AD-202,Static | 'Still Thinking It Over?' 10% Offer,188.57,5918,123,1.81,6,442.45,2,173.7
2026-05-01,Remarketing | DPA | Engagers 30D,Engagers + Visitors 30D,AD-203,Video | Reviews Social Proof | All Products,151.95,5211,82,2.04,3,226.66,1,87.56
2026-05-01,Testing | ABO | Weekly Concepts,Testing | Broad 18-65,AD-101,TEST | Hook: 'Doctor said WHAT',105.97,3728,36,1.99,2,183.1,2,183.1
2026-05-01,Testing | ABO | Weekly Concepts,Testing | Broad 18-65,AD-102,TEST | Static: Label Closeup,95.14,2760,19,2.01,2,182.49,2,182.49
2026-05-01,Testing | ABO | Weekly Concepts,Testing | Broad 18-65,AD-103,TEST | UGC: Gym Bag Tour,113.08,3320,26,1.98,2,163.85,2,163.85
2026-05-01,Testing | ABO | Weekly Concepts,Testing | Broad 18-65,AD-104,TEST | Video: 60s Explainer,107.74,3661,51,1.98,1,96.81,1,96.81
2026-05-02,Scaling | ASC | Core Products,ASC | Broad,AD-011,UGC | Morning Routine | Sarah K | Bio-Avail Multi,723.94,20197,249,1.67,12,1085.27,11,1012.07
2026-05-02,Scaling | ASC | Core Products,ASC | Broad,AD-012,Static | 'One Scoop' Benefit Stack | Multi,440.75,14380,131,1.7,6,491.34,5,426.61
2026-05-02,Scaling | ASC | Core Products,ASC | Broad,AD-014,Video | Founder Story | Chris | Bio-Avail Multi,813.38,22268,288,1.9,18,1513.42,16,1389.8
2026-05-02,Scaling | ASC | Core Products,ASC | Broad,AD-016,UGC | 'I Quit 6 Supplements' | Mark T | Multi,597.64,16111,151,1.81,9,810.75,8,741.49
2026-05-02,Scaling | ASC | Core Products,ASC | Broad,AD-019,Carousel | Ingredient Transparency | Multi,415.83,11959,93,1.76,6,523.24,5,459.76
2026-05-02,Prospecting | Interest Stacks,Stack | Health & Wellness,AD-005,Static | Organ Meats Without the Taste | Organs,255.73,6611,67,1.69,3,272.48,3,272.48
2026-05-02,Prospecting | Interest Stacks,Stack | Health & Wellness,AD-007,Video | Why Multivitamins Fail | Multi,322.14,10615,98,1.89,4,349.03,4,349.03
2026-05-02,Prospecting | Interest Stacks,Stack | Health & Wellness,AD-008,Static | Clinician-Grade Standard | Brand,159.26,5377,37,1.69,1,88.78,1,88.78
2026-05-02,Prospecting | Interest Stacks,Stack | Health & Wellness,AD-009,Video | Omega Freshness Test | Omega,231.86,6563,61,1.73,2,177.55,2,177.55
2026-05-02,Remarketing | DPA | Engagers 30D,Engagers + Visitors 30D,AD-201,DPA | Viewed Product 14D | Dynamic,224.91,7633,183,1.91,7,543.32,2,196.26
2026-05-02,Remarketing | DPA | Engagers 30D,Engagers + Visitors 30D,AD-202,Static | 'Still Thinking It Over?' 10% Offer,184.5,5622,108,1.62,3,234.52,1,94.61
2026-05-02,Remarketing | DPA | Engagers 30D,Engagers + Visitors 30D,AD-203,Video | Reviews Social Proof | All Products,124.39,3660,60,2.09,3,224.61,1,88.43
2026-05-02,Testing | ABO | Weekly Concepts,Testing | Broad 18-65,AD-101,TEST | Hook: 'Doctor said WHAT',122.32,3185,29,1.65,2,179.18,2,179.18
2026-05-02,Testing | ABO | Weekly Concepts,Testing | Broad 18-65,AD-102,TEST | Static: Label Closeup,117.05,2986,22,2.06,1,96.56,1,96.56
2026-05-02,Testing | ABO | Weekly Concepts,Testing | Broad 18-65,AD-103,TEST | UGC: Gym Bag Tour,109.23,3152,23,1.93,1,91.82,1,91.82
2026-05-02,Testing | ABO | Weekly Concepts,Testing | Broad 18-65,AD-104,TEST | Video: 60s Explainer,112.01,3428,50,1.96,1,91.77,1,91.77
2026-05-03,Scaling | ASC | Core Products,ASC | Broad,AD-011,UGC | Morning Routine | Sarah K | Bio-Avail Multi,665.76,18479,247,1.9,13,1152.78,12,1083.5
2026-05-03,Scaling | ASC | Core Products,ASC | Broad,AD-012,Static | 'One Scoop' Benefit Stack | Multi,480.55,16883,188,1.6,7,618.2,6,546.02
2026-05-03,Scaling | ASC | Core Products,ASC | Broad,AD-014,Video | Founder Story | Chris | Bio-Avail Multi,689.99,20542,278,1.9,17,1427.29,15,1291.45
2026-05-03,Scaling | ASC | Core Products,ASC | Broad,AD-016,UGC | 'I Quit 6 Supplements' | Mark T | Multi,667.06,21350,224,1.88,10,813.26,9,744.38
2026-05-03,Scaling | ASC | Core Products,ASC | Broad,AD-019,Carousel | Ingredient Transparency | Multi,405.36,10592,80,2.08,4,368.99,4,368.99
2026-05-03,Prospecting | Interest Stacks,Stack | Health & Wellness,AD-005,Static | Organ Meats Without the Taste | Organs,278.95,7011,55,1.88,3,240.21,3,240.21
2026-05-03,Prospecting | Interest Stacks,Stack | Health & Wellness,AD-007,Video | Why Multivitamins Fail | Multi,265.52,6977,74,2.0,3,302.54,3,302.54
2026-05-03,Prospecting | Interest Stacks,Stack | Health & Wellness,AD-008,Static | Clinician-Grade Standard | Brand,180.43,4973,34,1.83,1,91.9,1,91.9
2026-05-03,Prospecting | Interest Stacks,Stack | Health & Wellness,AD-009,Video | Omega Freshness Test | Omega,208.04,6071,50,1.83,2,190.95,2,190.95
2026-05-03,Remarketing | DPA | Engagers 30D,Engagers + Visitors 30D,AD-201,DPA | Viewed Product 14D | Dynamic,286.57,7599,192,1.8,10,830.32,3,285.23
2026-05-03,Remarketing | DPA | Engagers 30D,Engagers + Visitors 30D,AD-202,Static | 'Still Thinking It Over?' 10% Offer,175.09,5278,99,1.81,3,240.02,1,87.37
2026-05-03,Remarketing | DPA | Engagers 30D,Engagers + Visitors 30D,AD-203,Video | Reviews Social Proof | All Products,137.12,4336,70,1.95,3,222.11,1,94.62
2026-05-03,Testing | ABO | Weekly Concepts,Testing | Broad 18-65,AD-101,TEST | Hook: 'Doctor said WHAT',133.91,3890,37,1.68,2,181.68,2,181.68
2026-05-03,Testing | ABO | Weekly Concepts,Testing | Broad 18-65,AD-102,TEST | Static: Label Closeup,123.65,3897,28,2.08,2,173.92,2,173.92
2026-05-03,Testing | ABO | Weekly Concepts,Testing | Broad 18-65,AD-103,TEST | UGC: Gym Bag Tour,126.95,3344,28,1.95,1,84.9,1,84.9
2026-05-03,Testing | ABO | Weekly Concepts,Testing | Broad 18-65,AD-104,TEST | Video: 60s Explainer,118.31,3426,47,1.87,2,195.63,2,195.63
2026-05-04,Scaling | ASC | Core Products,ASC | Broad,AD-011,UGC | Morning Routine | Sarah K | Bio-Avail Multi,643.8,19689,256,1.78,10,907.0,9,842.04
2026-05-04,Scaling | ASC | Core Products,ASC | Broad,AD-012,Static | 'One Scoop' Benefit Stack | Multi,494.55,17400,173,1.91,6,574.97,5,504.89
2026-05-04,Scaling | ASC | Core Products,ASC | Broad,AD-014,Video | Founder Story | Chris | Bio-Avail Multi,835.74,21037,319,1.9,22,1954.02,20,1821.32
2026-05-04,Scaling | ASC | Core Products,ASC | Broad,AD-016,UGC | 'I Quit 6 Supplements' | Mark T | Multi,560.45,14389,168,1.88,11,1010.5,10,943.91
2026-05-04,Scaling | ASC | Core Products,ASC | Broad,AD-019,Carousel | Ingredient Transparency | Multi,467.83,11878,115,2.03,6,585.71,5,514.24
2026-05-04,Prospecting | Interest Stacks,Stack | Health & Wellness,AD-005,Static | Organ Meats Without the Taste | Organs,268.91,7797,71,1.99,3,278.51,3,278.51
2026-05-04,Prospecting | Interest Stacks,Stack | Health & Wellness,AD-007,Video | Why Multivitamins Fail | Multi,318.45,8685,95,1.71,3,263.47,3,263.47
2026-05-04,Prospecting | Interest Stacks,Stack | Health & Wellness,AD-008,Static | Clinician-Grade Standard | Brand,156.94,4602,33,1.86,1,86.44,1,86.44
2026-05-04,Prospecting | Interest Stacks,Stack | Health & Wellness,AD-009,Video | Omega Freshness Test | Omega,197.88,5635,63,1.63,2,186.69,2,186.69
2026-05-04,Remarketing | DPA | Engagers 30D,Engagers + Visitors 30D,AD-201,DPA | Viewed Product 14D | Dynamic,307.31,10698,236,1.84,13,1019.38,4,360.8
2026-05-04,Remarketing | DPA | Engagers 30D,Engagers + Visitors 30D,AD-202,Static | 'Still Thinking It Over?' 10% Offer,208.05,5848,125,2.03,6,455.4,2,193.08
2026-05-04,Remarketing | DPA | Engagers 30D,Engagers + Visitors 30D,AD-203,Video | Reviews Social Proof | All Products,147.08,3896,64,1.81,3,212.58,1,85.95
2026-05-04,Testing | ABO | Weekly Concepts,Testing | Broad 18-65,AD-101,TEST | Hook: 'Doctor said WHAT',102.07,2873,23,1.7,1,91.25,1,91.25
2026-05-04,Testing | ABO | Weekly Concepts,Testing | Broad 18-65,AD-102,TEST | Static: Label Closeup,90.05,2964,23,1.68,2,185.06,2,185.06
2026-05-04,Testing | ABO | Weekly Concepts,Testing | Broad 18-65,AD-103,TEST | UGC: Gym Bag Tour,107.67,3334,22,1.69,1,92.83,1,92.83
2026-05-04,Testing | ABO | Weekly Concepts,Testing | Broad 18-65,AD-104,TEST | Video: 60s Explainer,101.0,2770,36,1.88,1,93.5,1,93.5
2026-05-05,Scaling | ASC | Core Products,ASC | Broad,AD-011,UGC | Morning Routine | Sarah K | Bio-Avail Multi,632.24,20468,268,2.01,12,1071.06,11,1001.34
2026-05-05,Scaling | ASC | Core Products,ASC | Broad,AD-012,Static | 'One Scoop' Benefit Stack | Multi,469.69,14785,142,1.98,8,733.0,7,661.89
2026-05-05,Scaling | ASC | Core Products,ASC | Broad,AD-014,Video | Founder Story | Chris | Bio-Avail Multi,769.97,20721,260,1.9,27,2358.67,24,2173.48
2026-05-05,Scaling | ASC | Core Products,ASC | Broad,AD-016,UGC | 'I Quit 6 Supplements' | Mark T | Multi,565.09,14610,157,1.91,10,946.09,9,873.89
2026-05-05,Scaling | ASC | Core Products,ASC | Broad,AD-019,Carousel | Ingredient Transparency | Multi,411.3,12121,108,1.84,7,643.91,6,579.76
2026-05-05,Prospecting | Interest Stacks,Stack | Health & Wellness,AD-005,Static | Organ Meats Without the Taste | Organs,264.45,6927,55,2.0,3,272.42,3,272.42
2026-05-05,Prospecting | Interest Stacks,Stack | Health & Wellness,AD-007,Video | Why Multivitamins Fail | Multi,323.35,9166,91,1.73,3,265.13,3,265.13
2026-05-05,Prospecting | Interest Stacks,Stack | Health & Wellness,AD-008,Static | Clinician-Grade Standard | Brand,196.48,6847,48,1.7,2,171.77,2,171.77
2026-05-05,Prospecting | Interest Stacks,Stack | Health & Wellness,AD-009,Video | Omega Freshness Test | Omega,209.52,5551,53,1.69,2,185.29,2,185.29
2026-05-05,Remarketing | DPA | Engagers 30D,Engagers + Visitors 30D,AD-201,DPA | Viewed Product 14D | Dynamic,251.23,6348,135,1.74,13,952.7,4,339.93
2026-05-05,Remarketing | DPA | Engagers 30D,Engagers + Visitors 30D,AD-202,Static | 'Still Thinking It Over?' 10% Offer,177.42,5452,84,1.99,3,235.32,1,92.14
2026-05-05,Remarketing | DPA | Engagers 30D,Engagers + Visitors 30D,AD-203,Video | Reviews Social Proof | All Products,113.44,3719,60,1.62,3,224.01,1,88.82
2026-05-05,Testing | ABO | Weekly Concepts,Testing | Broad 18-65,AD-101,TEST | Hook: 'Doctor said WHAT',67.69,2230,21,1.69,1,85.74,1,85.74
2026-05-05,Testing | ABO | Weekly Concepts,Testing | Broad 18-65,AD-102,TEST | Static: Label Closeup,77.03,2338,18,2.09,1,99.55,1,99.55
2026-05-05,Testing | ABO | Weekly Concepts,Testing | Broad 18-65,AD-103,TEST | UGC: Gym Bag Tour,81.3,2418,16,1.65,1,98.46,1,98.46
2026-05-05,Testing | ABO | Weekly Concepts,Testing | Broad 18-65,AD-104,TEST | Video: 60s Explainer,82.94,2204,30,2.05,1,91.8,1,91.8
2026-05-05,Testing | ABO | Weekly Concepts,Testing | Broad 18-65,AD-105,TEST | Static: Comparison Table,77.35,2519,18,1.8,1,88.57,1,88.57
2026-05-06,Scaling | ASC | Core Products,ASC | Broad,AD-011,UGC | Morning Routine | Sarah K | Bio-Avail Multi,710.72,18219,234,1.71,9,866.21,8,796.92
2026-05-06,Scaling | ASC | Core Products,ASC | Broad,AD-012,Static | 'One Scoop' Benefit Stack | Multi,583.13,16460,158,1.75,10,911.59,9,839.8
2026-05-06,Scaling | ASC | Core Products,ASC | Broad,AD-014,Video | Founder Story | Chris | Bio-Avail Multi,754.82,19595,259,1.9,17,1535.69,15,1415.15
2026-05-06,Scaling | ASC | Core Products,ASC | Broad,AD-016,UGC | 'I Quit 6 Supplements' | Mark T | Multi,633.87,18624,202,1.72,14,1251.04,13,1185.36
2026-05-06,Scaling | ASC | Core Products,ASC | Broad,AD-019,Carousel | Ingredient Transparency | Multi,385.28,10458,85,1.72,6,494.66,5,425.33
2026-05-06,Prospecting | Interest Stacks,Stack | Health & Wellness,AD-005,Static | Organ Meats Without the Taste | Organs,241.88,6075,47,2.06,2,201.31,2,201.31
2026-05-06,Prospecting | Interest Stacks,Stack | Health & Wellness,AD-007,Video | Why Multivitamins Fail | Multi,239.36,6216,65,1.81,2,183.18,2,183.18
2026-05-06,Prospecting | Interest Stacks,Stack | Health & Wellness,AD-008,Static | Clinician-Grade Standard | Brand,153.49,4121,26,1.75,2,187.38,2,187.38
2026-05-06,Prospecting | Interest Stacks,Stack | Health & Wellness,AD-009,Video | Omega Freshness Test | Omega,173.21,4740,44,1.71,2,178.21,2,178.21
2026-05-06,Remarketing | DPA | Engagers 30D,Engagers + Visitors 30D,AD-201,DPA | Viewed Product 14D | Dynamic,289.11,7348,146,1.8,10,721.08,3,257.57
2026-05-06,Remarketing | DPA | Engagers 30D,Engagers + Visitors 30D,AD-202,Static | 'Still Thinking It Over?' 10% Offer,170.99,4577,104,1.87,3,221.48,1,92.94
2026-05-06,Remarketing | DPA | Engagers 30D,Engagers + Visitors 30D,AD-203,Video | Reviews Social Proof | All Products,136.23,3689,62,1.92,6,455.44,2,179.88
2026-05-06,Testing | ABO | Weekly Concepts,Testing | Broad 18-65,AD-101,TEST | Hook: 'Doctor said WHAT',94.46,2934,31,2.01,1,87.46,1,87.46
2026-05-06,Testing | ABO | Weekly Concepts,Testing | Broad 18-65,AD-102,TEST | Static: Label Closeup,91.34,3041,20,1.77,2,171.58,2,171.58
2026-05-06,Testing | ABO | Weekly Concepts,Testing | Broad 18-65,AD-103,TEST | UGC: Gym Bag Tour,111.62,3772,27,1.64,1,92.34,1,92.34
2026-05-06,Testing | ABO | Weekly Concepts,Testing | Broad 18-65,AD-104,TEST | Video: 60s Explainer,95.02,2772,32,1.92,1,96.3,1,96.3
2026-05-06,Testing | ABO | Weekly Concepts,Testing | Broad 18-65,AD-105,TEST | Static: Comparison Table,94.27,3028,25,2.0,1,94.36,1,94.36
2026-05-07,Scaling | ASC | Core Products,ASC | Broad,AD-011,UGC | Morning Routine | Sarah K | Bio-Avail Multi,653.47,17575,192,1.64,14,1216.5,13,1150.57
2026-05-07,Scaling | ASC | Core Products,ASC | Broad,AD-012,Static | 'One Scoop' Benefit Stack | Multi,527.75,16765,169,1.88,11,1095.04,10,1030.46
2026-05-07,Scaling | ASC | Core Products,ASC | Broad,AD-014,Video | Founder Story | Chris | Bio-Avail Multi,908.93,25180,319,1.9,21,1793.46,19,1658.44
2026-05-07,Scaling | ASC | Core Products,ASC | Broad,AD-016,UGC | 'I Quit 6 Supplements' | Mark T | Multi,567.69,17052,248,1.71,10,894.73,9,830.99
2026-05-07,Scaling | ASC | Core Products,ASC | Broad,AD-019,Carousel | Ingredient Transparency | Multi,478.15,12217,90,1.91,7,595.06,6,521.9
2026-05-07,Prospecting | Interest Stacks,Stack | Health & Wellness,AD-005,Static | Organ Meats Without the Taste | Organs,267.75,6854,64,1.84,3,291.74,3,291.74
2026-05-07,Prospecting | Interest Stacks,Stack | Health & Wellness,AD-007,Video | Why Multivitamins Fail | Multi,302.45,10378,105,1.71,4,362.51,4,362.51
2026-05-07,Prospecting | Interest Stacks,Stack | Health & Wellness,AD-008,Static | Clinician-Grade Standard | Brand,172.59,5781,40,1.88,1,91.82,1,91.82
2026-05-07,Prospecting | Interest Stacks,Stack | Health & Wellness,AD-009,Video | Omega Freshness Test | Omega,201.7,5434,43,1.81,2,183.99,2,183.99
2026-05-07,Remarketing | DPA | Engagers 30D,Engagers + Visitors 30D,AD-201,DPA | Viewed Product 14D | Dynamic,267.61,8510,178,1.71,10,761.78,3,269.7
2026-05-07,Remarketing | DPA | Engagers 30D,Engagers + Visitors 30D,AD-202,Static | 'Still Thinking It Over?' 10% Offer,224.73,6300,91,1.86,9,714.75,3,293.39
2026-05-07,Remarketing | DPA | Engagers 30D,Engagers + Visitors 30D,AD-203,Video | Reviews Social Proof | All Products,145.8,4381,84,1.75,3,232.14,1,90.96
2026-05-07,Testing | ABO | Weekly Concepts,Testing | Broad 18-65,AD-102,TEST | Static: Label Closeup,103.24,2972,22,1.87,2,181.64,2,181.64
2026-05-07,Testing | ABO | Weekly Concepts,Testing | Broad 18-65,AD-103,TEST | UGC: Gym Bag Tour,105.04,3557,30,1.77,1,86.17,1,86.17
2026-05-07,Testing | ABO | Weekly Concepts,Testing | Broad 18-65,AD-104,TEST | Video: 60s Explainer,113.18,4005,57,1.88,1,93.07,1,93.07
2026-05-07,Testing | ABO | Weekly Concepts,Testing | Broad 18-65,AD-105,TEST | Static: Comparison Table,119.12,3405,28,1.63,2,187.65,2,187.65
2026-05-08,Scaling | ASC | Core Products,ASC | Broad,AD-011,UGC | Morning Routine | Sarah K | Bio-Avail Multi,637.8,16947,200,1.64,12,1071.83,11,1001.48
2026-05-08,Scaling | ASC | Core Products,ASC | Broad,AD-012,Static | 'One Scoop' Benefit Stack | Multi,540.23,17751,159,1.68,8,671.15,7,606.67
2026-05-08,Scaling | ASC | Core Products,ASC | Broad,AD-014,Video | Founder Story | Chris | Bio-Avail Multi,781.25,23163,360,1.9,17,1576.95,15,1430.93
2026-05-08,Scaling | ASC | Core Products,ASC | Broad,AD-016,UGC | 'I Quit 6 Supplements' | Mark T | Multi,603.59,18142,204,1.61,10,899.2,9,836.31
2026-05-08,Scaling | ASC | Core Products,ASC | Broad,AD-019,Carousel | Ingredient Transparency | Multi,435.89,12934,98,1.65,4,363.13,4,363.13
2026-05-08,Prospecting | Interest Stacks,Stack | Health & Wellness,AD-005,Static | Organ Meats Without the Taste | Organs,239.14,6311,52,1.69,3,284.45,3,284.45
2026-05-08,Prospecting | Interest Stacks,Stack | Health & Wellness,AD-007,Video | Why Multivitamins Fail | Multi,269.27,9567,99,2.08,3,282.08,3,282.08
2026-05-08,Prospecting | Interest Stacks,Stack | Health & Wellness,AD-008,Static | Clinician-Grade Standard | Brand,160.16,4192,35,1.64,1,89.21,1,89.21
2026-05-08,Prospecting | Interest Stacks,Stack | Health & Wellness,AD-009,Video | Omega Freshness Test | Omega,174.88,6051,65,1.97,1,97.34,1,97.34
2026-05-08,Remarketing | DPA | Engagers 30D,Engagers + Visitors 30D,AD-201,DPA | Viewed Product 14D | Dynamic,264.71,8163,184,1.97,10,726.38,3,270.49
2026-05-08,Remarketing | DPA | Engagers 30D,Engagers + Visitors 30D,AD-202,Static | 'Still Thinking It Over?' 10% Offer,205.06,5352,96,1.71,6,439.18,2,177.87
2026-05-08,Remarketing | DPA | Engagers 30D,Engagers + Visitors 30D,AD-203,Video | Reviews Social Proof | All Products,125.23,3448,45,1.73,3,215.05,1,84.07
2026-05-08,Testing | ABO | Weekly Concepts,Testing | Broad 18-65,AD-102,TEST | Static: Label Closeup,99.36,2682,21,1.84,1,89.04,1,89.04
2026-05-08,Testing | ABO | Weekly Concepts,Testing | Broad 18-65,AD-103,TEST | UGC: Gym Bag Tour,98.14,2488,19,1.82,1,92.76,1,92.76
2026-05-08,Testing | ABO | Weekly Concepts,Testing | Broad 18-65,AD-104,TEST | Video: 60s Explainer,104.24,2875,40,1.68,1,91.59,1,91.59
2026-05-08,Testing | ABO | Weekly Concepts,Testing | Broad 18-65,AD-105,TEST | Static: Comparison Table,113.54,3620,31,1.86,2,172.07,2,172.07
2026-05-09,Scaling | ASC | Core Products,ASC | Broad,AD-011,UGC | Morning Routine | Sarah K | Bio-Avail Multi,608.33,18170,212,1.72,9,804.29,8,737.14
2026-05-09,Scaling | ASC | Core Products,ASC | Broad,AD-012,Static | 'One Scoop' Benefit Stack | Multi,449.13,13139,115,1.61,6,499.09,5,429.75
2026-05-09,Scaling | ASC | Core Products,ASC | Broad,AD-014,Video | Founder Story | Chris | Bio-Avail Multi,811.85,23053,313,1.9,20,1816.73,18,1681.35
2026-05-09,Scaling | ASC | Core Products,ASC | Broad,AD-016,UGC | 'I Quit 6 Supplements' | Mark T | Multi,515.69,18089,186,2.09,9,808.72,8,745.33
2026-05-09,Scaling | ASC | Core Products,ASC | Broad,AD-019,Carousel | Ingredient Transparency | Multi,392.41,11738,112,1.61,6,506.14,5,431.82
2026-05-09,Prospecting | Interest Stacks,Stack | Health & Wellness,AD-005,Static | Organ Meats Without the Taste | Organs,263.12,8435,74,2.07,2,189.43,2,189.43
2026-05-09,Prospecting | Interest Stacks,Stack | Health & Wellness,AD-007,Video | Why Multivitamins Fail | Multi,292.93,9417,95,2.09,2,170.95,2,170.95
2026-05-09,Prospecting | Interest Stacks,Stack | Health & Wellness,AD-008,Static | Clinician-Grade Standard | Brand,142.56,4148,35,1.79,1,95.08,1,95.08
2026-05-09,Prospecting | Interest Stacks,Stack | Health & Wellness,AD-009,Video | Omega Freshness Test | Omega,206.69,5715,61,1.7,1,93.37,1,93.37
2026-05-09,Remarketing | DPA | Engagers 30D,Engagers + Visitors 30D,AD-201,DPA | Viewed Product 14D | Dynamic,364.46,11271,214,1.83,13,992.42,4,377.28
2026-05-09,Remarketing | DPA | Engagers 30D,Engagers + Visitors 30D,AD-202,Static | 'Still Thinking It Over?' 10% Offer,190.53,5614,113,1.62,9,701.17,3,281.1
2026-05-09,Remarketing | DPA | Engagers 30D,Engagers + Visitors 30D,AD-203,Video | Reviews Social Proof | All Products,150.29,4114,60,1.9,3,238.14,1,100.27
2026-05-09,Testing | ABO | Weekly Concepts,Testing | Broad 18-65,AD-102,TEST | Static: Label Closeup,112.28,3175,24,1.69,2,182.21,2,182.21
2026-05-09,Testing | ABO | Weekly Concepts,Testing | Broad 18-65,AD-103,TEST | UGC: Gym Bag Tour,102.84,3287,26,1.72,1,91.84,1,91.84
2026-05-09,Testing | ABO | Weekly Concepts,Testing | Broad 18-65,AD-104,TEST | Video: 60s Explainer,96.86,3331,46,1.76,1,92.73,1,92.73
2026-05-09,Testing | ABO | Weekly Concepts,Testing | Broad 18-65,AD-105,TEST | Static: Comparison Table,122.47,3562,28,1.85,1,92.9,1,92.9
2026-05-10,Scaling | ASC | Core Products,ASC | Broad,AD-011,UGC | Morning Routine | Sarah K | Bio-Avail Multi,721.83,19158,240,1.98,10,829.89,9,756.43
2026-05-10,Scaling | ASC | Core Products,ASC | Broad,AD-012,Static | 'One Scoop' Benefit Stack | Multi,552.07,15388,157,1.65,8,700.65,7,627.72
2026-05-10,Scaling | ASC | Core Products,ASC | Broad,AD-014,Video | Founder Story | Chris | Bio-Avail Multi,808.25,25813,362,1.9,21,1966.84,19,1829.48
2026-05-10,Scaling | ASC | Core Products,ASC | Broad,AD-016,UGC | 'I Quit 6 Supplements' | Mark T | Multi,632.75,16412,182,1.81,11,1026.14,10,956.23
2026-05-10,Scaling | ASC | Core Products,ASC | Broad,AD-019,Carousel | Ingredient Transparency | Multi,407.08,13094,110,1.81,6,579.9,5,513.66
2026-05-10,Prospecting | Interest Stacks,Stack | Health & Wellness,AD-005,Static | Organ Meats Without the Taste | Organs,282.79,7134,60,1.73,3,265.19,3,265.19
2026-05-10,Prospecting | Interest Stacks,Stack | Health & Wellness,AD-007,Video | Why Multivitamins Fail | Multi,294.27,7781,90,1.68,3,271.45,3,271.45
2026-05-10,Prospecting | Interest Stacks,Stack | Health & Wellness,AD-008,Static | Clinician-Grade Standard | Brand,178.63,6222,42,1.96,2,180.68,2,180.68
2026-05-10,Prospecting | Interest Stacks,Stack | Health & Wellness,AD-009,Video | Omega Freshness Test | Omega,200.9,6827,60,1.93,2,189.61,2,189.61
2026-05-10,Remarketing | DPA | Engagers 30D,Engagers + Visitors 30D,AD-201,DPA | Viewed Product 14D | Dynamic,304.82,10203,194,1.82,13,1010.64,4,379.84
2026-05-10,Remarketing | DPA | Engagers 30D,Engagers + Visitors 30D,AD-202,Static | 'Still Thinking It Over?' 10% Offer,212.69,5431,90,1.66,6,434.07,2,176.34
2026-05-10,Remarketing | DPA | Engagers 30D,Engagers + Visitors 30D,AD-203,Video | Reviews Social Proof | All Products,140.95,3634,60,1.7,3,234.53,1,94.37
2026-05-10,Testing | ABO | Weekly Concepts,Testing | Broad 18-65,AD-102,TEST | Static: Label Closeup,130.35,4475,31,1.93,1,92.08,1,92.08
2026-05-10,Testing | ABO | Weekly Concepts,Testing | Broad 18-65,AD-103,TEST | UGC: Gym Bag Tour,105.96,3076,26,1.78,1,87.52,1,87.52
2026-05-10,Testing | ABO | Weekly Concepts,Testing | Broad 18-65,AD-104,TEST | Video: 60s Explainer,111.54,3581,48,1.7,1,88.33,1,88.33
2026-05-10,Testing | ABO | Weekly Concepts,Testing | Broad 18-65,AD-105,TEST | Static: Comparison Table,108.46,3094,29,1.79,1,89.93,1,89.93
2026-05-11,Scaling | ASC | Core Products,ASC | Broad,AD-011,UGC | Morning Routine | Sarah K | Bio-Avail Multi,673.0,16892,221,1.95,17,1457.58,15,1321.49
2026-05-11,Scaling | ASC | Core Products,ASC | Broad,AD-012,Static | 'One Scoop' Benefit Stack | Multi,557.94,15210,124,1.85,9,776.55,8,708.26
2026-05-11,Scaling | ASC | Core Products,ASC | Broad,AD-014,Video | Founder Story | Chris | Bio-Avail Multi,850.08,29893,409,1.9,26,2567.23,23,2360.38
2026-05-11,Scaling | ASC | Core Products,ASC | Broad,AD-016,UGC | 'I Quit 6 Supplements' | Mark T | Multi,651.93,20329,261,1.69,11,941.08,10,873.21
2026-05-11,Scaling | ASC | Core Products,ASC | Broad,AD-019,Carousel | Ingredient Transparency | Multi,415.07,13173,126,1.7,6,500.32,5,429.04
2026-05-11,Prospecting | Interest Stacks,Stack | Health & Wellness,AD-005,Static | Organ Meats Without the Taste | Organs,248.09,8699,76,1.96,3,262.06,3,262.06
2026-05-11,Prospecting | Interest Stacks,Stack | Health & Wellness,AD-007,Video | Why Multivitamins Fail | Multi,305.76,9200,83,1.84,4,372.57,4,372.57
2026-05-11,Prospecting | Interest Stacks,Stack | Health & Wellness,AD-008,Static | Clinician-Grade Standard | Brand,181.64,6275,47,2.1,2,188.45,2,188.45
2026-05-11,Prospecting | Interest Stacks,Stack | Health & Wellness,AD-009,Video | Omega Freshness Test | Omega,212.89,6269,58,1.98,2,174.24,2,174.24
2026-05-11,Remarketing | DPA | Engagers 30D,Engagers + Visitors 30D,AD-201,DPA | Viewed Product 14D | Dynamic,326.12,10689,271,2.09,13,984.23,4,333.24
2026-05-11,Remarketing | DPA | Engagers 30D,Engagers + Visitors 30D,AD-202,Static | 'Still Thinking It Over?' 10% Offer,215.45,7263,136,2.01,6,495.34,2,190.53
2026-05-11,Remarketing | DPA | Engagers 30D,Engagers + Visitors 30D,AD-203,Video | Reviews Social Proof | All Products,174.45,5806,107,1.63,6,468.43,2,180.12
2026-05-11,Testing | ABO | Weekly Concepts,Testing | Broad 18-65,AD-102,TEST | Static: Label Closeup,146.12,5026,37,2.02,2,175.99,2,175.99
2026-05-11,Testing | ABO | Weekly Concepts,Testing | Broad 18-65,AD-103,TEST | UGC: Gym Bag Tour,114.87,3059,29,1.81,1,98.13,1,98.13
2026-05-11,Testing | ABO | Weekly Concepts,Testing | Broad 18-65,AD-104,TEST | Video: 60s Explainer,127.07,3767,51,1.63,2,187.4,2,187.4
2026-05-11,Testing | ABO | Weekly Concepts,Testing | Broad 18-65,AD-105,TEST | Static: Comparison Table,122.86,3586,32,1.78,2,194.8,2,194.8
2026-05-12,Scaling | ASC | Core Products,ASC | Broad,AD-011,UGC | Morning Routine | Sarah K | Bio-Avail Multi,517.64,14695,171,2.04,11,942.34,10,879.42
2026-05-12,Scaling | ASC | Core Products,ASC | Broad,AD-012,Static | 'One Scoop' Benefit Stack | Multi,405.72,14202,136,1.6,10,934.94,9,863.28
2026-05-12,Scaling | ASC | Core Products,ASC | Broad,AD-014,Video | Founder Story | Chris | Bio-Avail Multi,690.78,18632,204,1.9,19,1758.34,17,1628.78
2026-05-12,Scaling | ASC | Core Products,ASC | Broad,AD-016,UGC | 'I Quit 6 Supplements' | Mark T | Multi,440.75,14947,177,1.69,10,922.01,9,854.14
2026-05-12,Scaling | ASC | Core Products,ASC | Broad,AD-019,Carousel | Ingredient Transparency | Multi,302.75,9776,84,2.0,4,390.94,4,390.94
2026-05-12,Scaling | ASC | Core Products,ASC | Broad,AD-022,Video | Podcast Clip | Energy After 40 | Multi,450.52,13650,171,2.09,13,1260.71,12,1188.8
2026-05-12,Prospecting | Interest Stacks,Stack | Health & Wellness,AD-005,Static | Organ Meats Without the Taste | Organs,230.43,7814,67,2.07,2,199.25,2,199.25
2026-05-12,Prospecting | Interest Stacks,Stack | Health & Wellness,AD-007,Video | Why Multivitamins Fail | Multi,226.07,6227,63,1.63,3,272.25,3,272.25
2026-05-12,Prospecting | Interest Stacks,Stack | Health & Wellness,AD-008,Static | Clinician-Grade Standard | Brand,145.84,4010,28,1.76,1,95.13,1,95.13
2026-05-12,Prospecting | Interest Stacks,Stack | Health & Wellness,AD-009,Video | Omega Freshness Test | Omega,191.66,6404,53,2.1,2,176.01,2,176.01
2026-05-12,Remarketing | DPA | Engagers 30D,Engagers + Visitors 30D,AD-201,DPA | Viewed Product 14D | Dynamic,295.86,8447,169,1.89,13,964.23,4,373.21
2026-05-12,Remarketing | DPA | Engagers 30D,Engagers + Visitors 30D,AD-202,Static | 'Still Thinking It Over?' 10% Offer,186.76,5970,103,1.65,3,219.58,1,89.57
2026-05-12,Remarketing | DPA | Engagers 30D,Engagers + Visitors 30D,AD-203,Video | Reviews Social Proof | All Products,170.28,4626,85,1.71,6,440.81,2,177.27
2026-05-12,Testing | ABO | Weekly Concepts,Testing | Broad 18-65,AD-102,TEST | Static: Label Closeup,64.61,1886,16,1.96,1,92.47,1,92.47
2026-05-12,Testing | ABO | Weekly Concepts,Testing | Broad 18-65,AD-103,TEST | UGC: Gym Bag Tour,92.11,2704,25,2.07,1,96.85,1,96.85
2026-05-12,Testing | ABO | Weekly Concepts,Testing | Broad 18-65,AD-104,TEST | Video: 60s Explainer,78.47,2085,25,1.99,1,96.7,1,96.7
2026-05-12,Testing | ABO | Weekly Concepts,Testing | Broad 18-65,AD-105,TEST | Static: Comparison Table,78.26,2260,20,1.86,1,104.79,1,104.79
2026-05-12,Testing | ABO | Weekly Concepts,Testing | Broad 18-65,AD-106,TEST | UGC: Busy Mom AM,75.02,1976,23,2.08,1,94.52,1,94.52
2026-05-12,Testing | ABO | Weekly Concepts,Testing | Broad 18-65,AD-107,TEST | Video: Texture/Mixability,75.31,2244,29,1.92,1,83.59,1,83.59
2026-05-13,Scaling | ASC | Core Products,ASC | Broad,AD-011,UGC | Morning Routine | Sarah K | Bio-Avail Multi,523.87,15147,161,1.71,9,856.6,8,786.31
2026-05-13,Scaling | ASC | Core Products,ASC | Broad,AD-012,Static | 'One Scoop' Benefit Stack | Multi,424.86,14251,139,2.06,8,683.55,7,615.43
2026-05-13,Scaling | ASC | Core Products,ASC | Broad,AD-014,Video | Founder Story | Chris | Bio-Avail Multi,586.07,16151,212,1.9,22,1898.18,20,1760.69
2026-05-13,Scaling | ASC | Core Products,ASC | Broad,AD-016,UGC | 'I Quit 6 Supplements' | Mark T | Multi,475.98,13951,155,1.61,10,955.04,9,887.05
2026-05-13,Scaling | ASC | Core Products,ASC | Broad,AD-019,Carousel | Ingredient Transparency | Multi,339.68,10669,84,1.69,6,581.35,5,513.76
2026-05-13,Scaling | ASC | Core Products,ASC | Broad,AD-022,Video | Podcast Clip | Energy After 40 | Multi,356.05,9804,124,1.74,8,746.98,7,677.31
2026-05-13,Prospecting | Interest Stacks,Stack | Health & Wellness,AD-005,Static | Organ Meats Without the Taste | Organs,293.1,8570,82,1.97,3,267.82,3,267.82
2026-05-13,Prospecting | Interest Stacks,Stack | Health & Wellness,AD-007,Video | Why Multivitamins Fail | Multi,307.85,10920,105,2.1,4,395.39,4,395.39
2026-05-13,Prospecting | Interest Stacks,Stack | Health & Wellness,AD-008,Static | Clinician-Grade Standard | Brand,158.31,4132,30,1.95,1,101.13,1,101.13
2026-05-13,Prospecting | Interest Stacks,Stack | Health & Wellness,AD-009,Video | Omega Freshness Test | Omega,210.61,6579,61,1.82,2,189.06,2,189.06
2026-05-13,Remarketing | DPA | Engagers 30D,Engagers + Visitors 30D,AD-201,DPA | Viewed Product 14D | Dynamic,309.26,9803,188,1.66,10,775.87,3,284.61
2026-05-13,Remarketing | DPA | Engagers 30D,Engagers + Visitors 30D,AD-202,Static | 'Still Thinking It Over?' 10% Offer,217.27,6033,117,1.81,6,447.36,2,179.57
2026-05-13,Remarketing | DPA | Engagers 30D,Engagers + Visitors 30D,AD-203,Video | Reviews Social Proof | All Products,184.32,5121,71,1.72,6,425.12,2,180.05
2026-05-13,Testing | ABO | Weekly Concepts,Testing | Broad 18-65,AD-102,TEST | Static: Label Closeup,74.47,2452,21,1.85,2,187.33,2,187.33
2026-05-13,Testing | ABO | Weekly Concepts,Testing | Broad 18-65,AD-103,TEST | UGC: Gym Bag Tour,85.38,2179,15,1.71,1,94.04,1,94.04
2026-05-13,Testing | ABO | Weekly Concepts,Testing | Broad 18-65,AD-104,TEST | Video: 60s Explainer,79.71,2749,42,1.72,1,91.66,1,91.66
2026-05-13,Testing | ABO | Weekly Concepts,Testing | Broad 18-65,AD-105,TEST | Static: Comparison Table,71.92,2357,23,1.83,1,96.56,1,96.56
2026-05-13,Testing | ABO | Weekly Concepts,Testing | Broad 18-65,AD-106,TEST | UGC: Busy Mom AM,78.89,2504,32,2.03,1,93.43,1,93.43
2026-05-13,Testing | ABO | Weekly Concepts,Testing | Broad 18-65,AD-107,TEST | Video: Texture/Mixability,71.82,2173,32,2.1,1,88.29,1,88.29
2026-05-14,Scaling | ASC | Core Products,ASC | Broad,AD-011,UGC | Morning Routine | Sarah K | Bio-Avail Multi,501.68,16336,216,1.65,9,815.7,8,743.57
2026-05-14,Scaling | ASC | Core Products,ASC | Broad,AD-012,Static | 'One Scoop' Benefit Stack | Multi,435.33,11236,115,2.0,6,494.05,5,423.19
2026-05-14,Scaling | ASC | Core Products,ASC | Broad,AD-014,Video | Founder Story | Chris | Bio-Avail Multi,724.28,21516,271,1.9,20,1865.72,18,1734.86
2026-05-14,Scaling | ASC | Core Products,ASC | Broad,AD-016,UGC | 'I Quit 6 Supplements' | Mark T | Multi,600.82,15976,204,1.77,12,1051.92,11,984.45
2026-05-14,Scaling | ASC | Core Products,ASC | Broad,AD-019,Carousel | Ingredient Transparency | Multi,390.91,10841,91,1.72,6,505.68,5,437.87
2026-05-14,Scaling | ASC | Core Products,ASC | Broad,AD-022,Video | Podcast Clip | Energy After 40 | Multi,467.94,12154,156,2.09,11,972.26,10,904.98
2026-05-14,Prospecting | Interest Stacks,Stack | Health & Wellness,AD-005,Static | Organ Meats Without the Taste | Organs,251.37,7697,61,1.87,2,197.81,2,197.81
2026-05-14,Prospecting | Interest Stacks,Stack | Health & Wellness,AD-007,Video | Why Multivitamins Fail | Multi,333.73,9344,121,1.69,3,251.01,3,251.01
2026-05-14,Prospecting | Interest Stacks,Stack | Health & Wellness,AD-008,Static | Clinician-Grade Standard | Brand,164.37,4120,31,1.85,1,91.18,1,91.18
2026-05-14,Prospecting | Interest Stacks,Stack | Health & Wellness,AD-009,Video | Omega Freshness Test | Omega,189.0,6296,53,1.81,2,185.1,2,185.1
2026-05-14,Remarketing | DPA | Engagers 30D,Engagers + Visitors 30D,AD-201,DPA | Viewed Product 14D | Dynamic,307.93,8884,215,1.75,13,981.75,4,377.04
2026-05-14,Remarketing | DPA | Engagers 30D,Engagers + Visitors 30D,AD-202,Static | 'Still Thinking It Over?' 10% Offer,211.71,6065,91,1.95,6,464.7,2,195.7
2026-05-14,Remarketing | DPA | Engagers 30D,Engagers + Visitors 30D,AD-203,Video | Reviews Social Proof | All Products,167.0,5479,91,1.99,3,235.94,1,90.9
2026-05-14,Testing | ABO | Weekly Concepts,Testing | Broad 18-65,AD-102,TEST | Static: Label Closeup,60.37,1564,11,1.64,1,96.5,1,96.5
2026-05-14,Testing | ABO | Weekly Concepts,Testing | Broad 18-65,AD-103,TEST | UGC: Gym Bag Tour,67.66,1733,14,1.93,1,95.92,1,95.92
2026-05-14,Testing | ABO | Weekly Concepts,Testing | Broad 18-65,AD-104,TEST | Video: 60s Explainer,68.02,1785,18,1.94,1,91.48,1,91.48
2026-05-14,Testing | ABO | Weekly Concepts,Testing | Broad 18-65,AD-105,TEST | Static: Comparison Table,70.77,2193,18,1.98,1,92.53,1,92.53
2026-05-14,Testing | ABO | Weekly Concepts,Testing | Broad 18-65,AD-106,TEST | UGC: Busy Mom AM,72.68,2038,29,1.65,1,92.83,1,92.83
2026-05-14,Testing | ABO | Weekly Concepts,Testing | Broad 18-65,AD-107,TEST | Video: Texture/Mixability,64.93,1990,33,2.07,1,86.77,1,86.77
2026-05-15,Scaling | ASC | Core Products,ASC | Broad,AD-011,UGC | Morning Routine | Sarah K | Bio-Avail Multi,615.2,19082,199,1.91,11,1113.22,10,1040.32
2026-05-15,Scaling | ASC | Core Products,ASC | Broad,AD-012,Static | 'One Scoop' Benefit Stack | Multi,477.02,16209,128,1.9,9,851.6,8,779.95
2026-05-15,Scaling | ASC | Core Products,ASC | Broad,AD-014,Video | Founder Story | Chris | Bio-Avail Multi,799.28,20771,252,1.9,23,2019.77,21,1894.35
2026-05-15,Scaling | ASC | Core Products,ASC | Broad,AD-016,UGC | 'I Quit 6 Supplements' | Mark T | Multi,579.8,17455,204,1.9,12,1121.71,11,1050.68
2026-05-15,Scaling | ASC | Core Products,ASC | Broad,AD-019,Carousel | Ingredient Transparency | Multi,362.33,9827,91,2.09,4,355.45,4,355.45
2026-05-15,Scaling | ASC | Core Products,ASC | Broad,AD-022,Video | Podcast Clip | Energy After 40 | Multi,587.58,17511,231,1.83,13,1158.05,12,1090.6
2026-05-15,Prospecting | Interest Stacks,Stack | Health & Wellness,AD-005,Static | Organ Meats Without the Taste | Organs,304.6,8135,74,1.62,3,297.56,3,297.56
2026-05-15,Prospecting | Interest Stacks,Stack | Health & Wellness,AD-007,Video | Why Multivitamins Fail | Multi,285.34,9917,102,1.72,3,275.22,3,275.22
2026-05-15,Prospecting | Interest Stacks,Stack | Health & Wellness,AD-008,Static | Clinician-Grade Standard | Brand,158.67,4277,29,1.76,1,97.2,1,97.2
2026-05-15,Prospecting | Interest Stacks,Stack | Health & Wellness,AD-009,Video | Omega Freshness Test | Omega,200.69,6308,57,1.86,2,193.14,2,193.14
2026-05-15,Remarketing | DPA | Engagers 30D,Engagers + Visitors 30D,AD-201,DPA | Viewed Product 14D | Dynamic,278.28,7848,136,1.62,13,936.42,4,343.53
2026-05-15,Remarketing | DPA | Engagers 30D,Engagers + Visitors 30D,AD-202,Static | 'Still Thinking It Over?' 10% Offer,192.95,5617,101,1.8,6,453.85,2,171.03
2026-05-15,Remarketing | DPA | Engagers 30D,Engagers + Visitors 30D,AD-203,Video | Reviews Social Proof | All Products,158.25,5161,87,1.87,6,446.87,2,174.75
2026-05-15,Testing | ABO | Weekly Concepts,Testing | Broad 18-65,AD-102,TEST | Static: Label Closeup,86.3,2443,24,1.91,1,96.62,1,96.62
2026-05-15,Testing | ABO | Weekly Concepts,Testing | Broad 18-65,AD-103,TEST | UGC: Gym Bag Tour,68.78,2109,17,1.81,1,97.67,1,97.67
2026-05-15,Testing | ABO | Weekly Concepts,Testing | Broad 18-65,AD-104,TEST | Video: 60s Explainer,73.49,2561,37,2.08,1,87.32,1,87.32
2026-05-15,Testing | ABO | Weekly Concepts,Testing | Broad 18-65,AD-105,TEST | Static: Comparison Table,70.87,2117,17,1.94,1,98.52,1,98.52
2026-05-15,Testing | ABO | Weekly Concepts,Testing | Broad 18-65,AD-106,TEST | UGC: Busy Mom AM,69.74,2482,32,2.1,1,88.0,1,88.0
2026-05-15,Testing | ABO | Weekly Concepts,Testing | Broad 18-65,AD-107,TEST | Video: Texture/Mixability,78.35,2419,29,1.89,1,94.38,1,94.38
2026-05-16,Scaling | ASC | Core Products,ASC | Broad,AD-011,UGC | Morning Routine | Sarah K | Bio-Avail Multi,605.7,19012,196,1.84,7,616.03,6,555.24
2026-05-16,Scaling | ASC | Core Products,ASC | Broad,AD-012,Static | 'One Scoop' Benefit Stack | Multi,416.42,13869,137,2.01,6,551.63,5,481.02
2026-05-16,Scaling | ASC | Core Products,ASC | Broad,AD-014,Video | Founder Story | Chris | Bio-Avail Multi,824.06,27613,392,1.9,20,1757.2,18,1623.44
2026-05-16,Scaling | ASC | Core Products,ASC | Broad,AD-016,UGC | 'I Quit 6 Supplements' | Mark T | Multi,487.77,17332,178,1.68,7,590.99,6,519.58
2026-05-16,Scaling | ASC | Core Products,ASC | Broad,AD-019,Carousel | Ingredient Transparency | Multi,349.35,10970,88,1.87,3,290.46,3,290.46
2026-05-16,Scaling | ASC | Core Products,ASC | Broad,AD-022,Video | Podcast Clip | Energy After 40 | Multi,447.98,11437,137,1.66,7,633.59,6,567.22
2026-05-16,Prospecting | Interest Stacks,Stack | Health & Wellness,AD-005,Static | Organ Meats Without the Taste | Organs,283.46,9045,96,1.91,3,302.46,3,302.46
2026-05-16,Prospecting | Interest Stacks,Stack | Health & Wellness,AD-007,Video | Why Multivitamins Fail | Multi,338.83,11322,101,1.87,3,266.82,3,266.82
2026-05-16,Prospecting | Interest Stacks,Stack | Health & Wellness,AD-008,Static | Clinician-Grade Standard | Brand,201.49,5983,43,1.88,1,96.09,1,96.09
2026-05-16,Prospecting | Interest Stacks,Stack | Health & Wellness,AD-009,Video | Omega Freshness Test | Omega,239.93,7755,63,1.9,3,270.52,3,270.52
2026-05-16,Remarketing | DPA | Engagers 30D,Engagers + Visitors 30D,AD-201,DPA | Viewed Product 14D | Dynamic,389.13,12347,255,1.98,13,1023.72,4,398.65
2026-05-16,Remarketing | DPA | Engagers 30D,Engagers + Visitors 30D,AD-202,Static | 'Still Thinking It Over?' 10% Offer,248.47,8538,165,2.07,6,406.79,2,162.25
2026-05-16,Remarketing | DPA | Engagers 30D,Engagers + Visitors 30D,AD-203,Video | Reviews Social Proof | All Products,162.08,5458,91,1.76,6,444.32,2,172.69
2026-05-16,Testing | ABO | Weekly Concepts,Testing | Broad 18-65,AD-103,TEST | UGC: Gym Bag Tour,86.42,2809,25,1.73,1,101.84,1,101.84
2026-05-16,Testing | ABO | Weekly Concepts,Testing | Broad 18-65,AD-104,TEST | Video: 60s Explainer,99.52,3056,38,1.92,1,93.47,1,93.47
2026-05-16,Testing | ABO | Weekly Concepts,Testing | Broad 18-65,AD-105,TEST | Static: Comparison Table,90.75,2928,24,2.06,1,91.1,1,91.1
2026-05-16,Testing | ABO | Weekly Concepts,Testing | Broad 18-65,AD-106,TEST | UGC: Busy Mom AM,82.46,2328,30,1.85,1,93.03,1,93.03
2026-05-16,Testing | ABO | Weekly Concepts,Testing | Broad 18-65,AD-107,TEST | Video: Texture/Mixability,96.48,2499,43,1.72,1,88.54,1,88.54
2026-05-17,Scaling | ASC | Core Products,ASC | Broad,AD-011,UGC | Morning Routine | Sarah K | Bio-Avail Multi,708.82,17913,220,1.61,16,1326.29,14,1192.08
2026-05-17,Scaling | ASC | Core Products,ASC | Broad,AD-012,Static | 'One Scoop' Benefit Stack | Multi,511.78,14495,134,1.91,8,791.46,7,724.65
2026-05-17,Scaling | ASC | Core Products,ASC | Broad,AD-014,Video | Founder Story | Chris | Bio-Avail Multi,834.4,26242,334,1.9,18,1690.5,16,1551.9
2026-05-17,Scaling | ASC | Core Products,ASC | Broad,AD-016,UGC | 'I Quit 6 Supplements' | Mark T | Multi,507.3,15104,172,2.08,8,706.59,7,638.54
2026-05-17,Scaling | ASC | Core Products,ASC | Broad,AD-019,Carousel | Ingredient Transparency | Multi,422.45,10691,93,1.7,6,537.29,5,473.34
2026-05-17,Scaling | ASC | Core Products,ASC | Broad,AD-022,Video | Podcast Clip | Energy After 40 | Multi,546.46,13921,169,1.69,9,773.67,8,705.91
2026-05-17,Prospecting | Interest Stacks,Stack | Health & Wellness,AD-005,Static | Organ Meats Without the Taste | Organs,270.41,7494,67,1.68,2,188.52,2,188.52
2026-05-17,Prospecting | Interest Stacks,Stack | Health & Wellness,AD-007,Video | Why Multivitamins Fail | Multi,325.69,10754,99,1.83,3,274.96,3,274.96
2026-05-17,Prospecting | Interest Stacks,Stack | Health & Wellness,AD-008,Static | Clinician-Grade Standard | Brand,166.16,4280,30,1.81,1,97.58,1,97.58
2026-05-17,Prospecting | Interest Stacks,Stack | Health & Wellness,AD-009,Video | Omega Freshness Test | Omega,258.76,6932,67,1.63,2,188.05,2,188.05
2026-05-17,Remarketing | DPA | Engagers 30D,Engagers + Visitors 30D,AD-201,DPA | Viewed Product 14D | Dynamic,327.1,8883,201,1.92,13,964.29,4,352.56
2026-05-17,Remarketing | DPA | Engagers 30D,Engagers + Visitors 30D,AD-202,Static | 'Still Thinking It Over?' 10% Offer,177.34,6014,103,1.78,3,225.55,1,93.06
2026-05-17,Remarketing | DPA | Engagers 30D,Engagers + Visitors 30D,AD-203,Video | Reviews Social Proof | All Products,147.04,3695,55,1.76,3,241.26,1,96.57
2026-05-17,Testing | ABO | Weekly Concepts,Testing | Broad 18-65,AD-103,TEST | UGC: Gym Bag Tour,93.21,3223,22,1.69,1,89.03,1,89.03
2026-05-17,Testing | ABO | Weekly Concepts,Testing | Broad 18-65,AD-104,TEST | Video: 60s Explainer,90.67,3183,46,1.94,1,91.68,1,91.68
2026-05-17,Testing | ABO | Weekly Concepts,Testing | Broad 18-65,AD-105,TEST | Static: Comparison Table,91.89,2710,21,1.73,1,97.76,1,97.76
2026-05-17,Testing | ABO | Weekly Concepts,Testing | Broad 18-65,AD-106,TEST | UGC: Busy Mom AM,92.04,2925,35,1.67,1,88.29,1,88.29
2026-05-17,Testing | ABO | Weekly Concepts,Testing | Broad 18-65,AD-107,TEST | Video: Texture/Mixability,88.82,2562,37,1.79,1,94.6,1,94.6
2026-05-18,Scaling | ASC | Core Products,ASC | Broad,AD-011,UGC | Morning Routine | Sarah K | Bio-Avail Multi,559.09,14284,153,1.92,10,868.81,9,802.58
2026-05-18,Scaling | ASC | Core Products,ASC | Broad,AD-012,Static | 'One Scoop' Benefit Stack | Multi,433.22,11896,119,1.78,10,899.33,9,820.2
2026-05-18,Scaling | ASC | Core Products,ASC | Broad,AD-014,Video | Founder Story | Chris | Bio-Avail Multi,756.39,23661,331,1.9,24,2161.13,22,2012.5
2026-05-18,Scaling | ASC | Core Products,ASC | Broad,AD-016,UGC | 'I Quit 6 Supplements' | Mark T | Multi,543.57,15046,172,2.0,10,868.61,9,803.2
2026-05-18,Scaling | ASC | Core Products,ASC | Broad,AD-019,Carousel | Ingredient Transparency | Multi,440.24,15076,119,1.86,7,637.21,6,567.3
2026-05-18,Scaling | ASC | Core Products,ASC | Broad,AD-022,Video | Podcast Clip | Energy After 40 | Multi,500.39,12903,141,1.76,9,767.07,8,702.99
2026-05-18,Prospecting | Interest Stacks,Stack | Health & Wellness,AD-005,Static | Organ Meats Without the Taste | Organs,285.1,7394,70,2.0,2,192.11,2,192.11
2026-05-18,Prospecting | Interest Stacks,Stack | Health & Wellness,AD-007,Video | Why Multivitamins Fail | Multi,315.22,8372,73,1.62,3,283.91,3,283.91
2026-05-18,Prospecting | Interest Stacks,Stack | Health & Wellness,AD-008,Static | Clinician-Grade Standard | Brand,161.23,5586,40,1.95,1,85.69,1,85.69
2026-05-18,Prospecting | Interest Stacks,Stack | Health & Wellness,AD-009,Video | Omega Freshness Test | Omega,211.31,7119,77,2.08,2,182.11,2,182.11
2026-05-18,Remarketing | DPA | Engagers 30D,Engagers + Visitors 30D,AD-201,DPA | Viewed Product 14D | Dynamic,301.66,8769,205,1.84,13,988.61,4,361.75
2026-05-18,Remarketing | DPA | Engagers 30D,Engagers + Visitors 30D,AD-202,Static | 'Still Thinking It Over?' 10% Offer,216.02,7132,128,1.65,6,449.0,2,190.59
2026-05-18,Remarketing | DPA | Engagers 30D,Engagers + Visitors 30D,AD-203,Video | Reviews Social Proof | All Products,171.3,4674,87,1.78,6,485.57,2,193.45
2026-05-18,Testing | ABO | Weekly Concepts,Testing | Broad 18-65,AD-103,TEST | UGC: Gym Bag Tour,79.2,2796,20,1.84,1,91.71,1,91.71
2026-05-18,Testing | ABO | Weekly Concepts,Testing | Broad 18-65,AD-104,TEST | Video: 60s Explainer,80.54,2288,27,1.61,1,89.8,1,89.8
2026-05-18,Testing | ABO | Weekly Concepts,Testing | Broad 18-65,AD-105,TEST | Static: Comparison Table,98.76,3433,26,1.75,1,88.16,1,88.16
2026-05-18,Testing | ABO | Weekly Concepts,Testing | Broad 18-65,AD-106,TEST | UGC: Busy Mom AM,92.35,2530,29,1.82,1,96.1,1,96.1
2026-05-18,Testing | ABO | Weekly Concepts,Testing | Broad 18-65,AD-107,TEST | Video: Texture/Mixability,99.17,3232,49,1.85,1,93.59,1,93.59
2026-05-19,Scaling | ASC | Core Products,ASC | Broad,AD-011,UGC | Morning Routine | Sarah K | Bio-Avail Multi,595.61,15431,159,1.86,12,1163.29,11,1096.94
2026-05-19,Scaling | ASC | Core Products,ASC | Broad,AD-012,Static | 'One Scoop' Benefit Stack | Multi,527.52,15498,142,1.65,8,746.68,7,679.78
2026-05-19,Scaling | ASC | Core Products,ASC | Broad,AD-014,Video | Founder Story | Chris | Bio-Avail Multi,818.84,27858,335,1.9,27,2183.26,24,1986.93
2026-05-19,Scaling | ASC | Core Products,ASC | Broad,AD-016,UGC | 'I Quit 6 Supplements' | Mark T | Multi,556.9,15411,160,1.84,13,1135.39,12,1063.87
2026-05-19,Scaling | ASC | Core Products,ASC | Broad,AD-019,Carousel | Ingredient Transparency | Multi,343.84,10757,82,1.76,4,373.14,4,373.14
2026-05-19,Scaling | ASC | Core Products,ASC | Broad,AD-022,Video | Podcast Clip | Energy After 40 | Multi,534.26,13963,175,1.62,11,968.44,10,899.92
2026-05-19,Prospecting | Interest Stacks,Stack | Health & Wellness,AD-005,Static | Organ Meats Without the Taste | Organs,308.54,9813,117,2.08,3,282.77,3,282.77
2026-05-19,Prospecting | Interest Stacks,Stack | Health & Wellness,AD-007,Video | Why Multivitamins Fail | Multi,268.15,6817,74,1.87,3,277.91,3,277.91
2026-05-19,Prospecting | Interest Stacks,Stack | Health & Wellness,AD-008,Static | Clinician-Grade Standard | Brand,186.88,5066,42,1.61,2,169.8,2,169.8
2026-05-19,Prospecting | Interest Stacks,Stack | Health & Wellness,AD-009,Video | Omega Freshness Test | Omega,206.2,5424,54,1.63,2,184.59,2,184.59
2026-05-19,Remarketing | DPA | Engagers 30D,Engagers + Visitors 30D,AD-201,DPA | Viewed Product 14D | Dynamic,321.86,11018,222,1.85,13,967.35,4,362.86
2026-05-19,Remarketing | DPA | Engagers 30D,Engagers + Visitors 30D,AD-202,Static | 'Still Thinking It Over?' 10% Offer,222.78,6285,109,1.72,9,724.57,3,300.3
2026-05-19,Remarketing | DPA | Engagers 30D,Engagers + Visitors 30D,AD-203,Video | Reviews Social Proof | All Products,142.88,4351,73,1.93,3,224.32,1,87.88
2026-05-19,Testing | ABO | Weekly Concepts,Testing | Broad 18-65,AD-103,TEST | UGC: Gym Bag Tour,82.17,2368,14,1.88,1,89.62,1,89.62
2026-05-19,Testing | ABO | Weekly Concepts,Testing | Broad 18-65,AD-104,TEST | Video: 60s Explainer,77.94,2217,30,1.6,1,94.26,1,94.26
2026-05-19,Testing | ABO | Weekly Concepts,Testing | Broad 18-65,AD-105,TEST | Static: Comparison Table,77.1,2132,18,1.77,1,85.2,1,85.2
2026-05-19,Testing | ABO | Weekly Concepts,Testing | Broad 18-65,AD-106,TEST | UGC: Busy Mom AM,73.41,2582,35,1.6,1,87.67,1,87.67
2026-05-19,Testing | ABO | Weekly Concepts,Testing | Broad 18-65,AD-107,TEST | Video: Texture/Mixability,78.32,2343,30,2.0,1,93.98,1,93.98
2026-05-19,Testing | ABO | Weekly Concepts,Testing | Broad 18-65,AD-108,TEST | Static: Founder Quote,73.9,2337,17,1.91,1,88.41,1,88.41
2026-05-20,Scaling | ASC | Core Products,ASC | Broad,AD-011,UGC | Morning Routine | Sarah K | Bio-Avail Multi,629.93,18980,181,1.88,11,1009.4,10,938.54
2026-05-20,Scaling | ASC | Core Products,ASC | Broad,AD-012,Static | 'One Scoop' Benefit Stack | Multi,453.65,11919,99,1.95,8,769.82,7,700.12
2026-05-20,Scaling | ASC | Core Products,ASC | Broad,AD-014,Video | Founder Story | Chris | Bio-Avail Multi,777.95,22025,301,1.9,20,1703.37,18,1566.92
2026-05-20,Scaling | ASC | Core Products,ASC | Broad,AD-016,UGC | 'I Quit 6 Supplements' | Mark T | Multi,545.32,16540,205,2.03,10,894.96,9,823.24
2026-05-20,Scaling | ASC | Core Products,ASC | Broad,AD-019,Carousel | Ingredient Transparency | Multi,333.09,8830,77,1.85,6,576.02,5,505.27
2026-05-20,Scaling | ASC | Core Products,ASC | Broad,AD-022,Video | Podcast Clip | Energy After 40 | Multi,422.41,10823,131,2.09,7,632.54,6,566.72
2026-05-20,Prospecting | Interest Stacks,Stack | Health & Wellness,AD-005,Static | Organ Meats Without the Taste | Organs,248.93,8491,75,2.03,3,270.89,3,270.89
2026-05-20,Prospecting | Interest Stacks,Stack | Health & Wellness,AD-007,Video | Why Multivitamins Fail | Multi,275.6,8150,78,2.02,3,255.02,3,255.02
2026-05-20,Prospecting | Interest Stacks,Stack | Health & Wellness,AD-008,Static | Clinician-Grade Standard | Brand,198.28,6450,44,2.0,2,175.52,2,175.52
2026-05-20,Prospecting | Interest Stacks,Stack | Health & Wellness,AD-009,Video | Omega Freshness Test | Omega,210.68,6861,58,2.04,2,188.58,2,188.58
2026-05-20,Remarketing | DPA | Engagers 30D,Engagers + Visitors 30D,AD-201,DPA | Viewed Product 14D | Dynamic,306.82,8857,159,2.03,13,1017.8,4,388.72
2026-05-20,Remarketing | DPA | Engagers 30D,Engagers + Visitors 30D,AD-202,Static | 'Still Thinking It Over?' 10% Offer,214.38,6043,106,2.06,9,674.2,3,276.25
2026-05-20,Remarketing | DPA | Engagers 30D,Engagers + Visitors 30D,AD-203,Video | Reviews Social Proof | All Products,191.7,5078,91,2.09,6,466.51,2,190.87
2026-05-20,Testing | ABO | Weekly Concepts,Testing | Broad 18-65,AD-103,TEST | UGC: Gym Bag Tour,73.99,2218,17,1.75,1,98.87,1,98.87
2026-05-20,Testing | ABO | Weekly Concepts,Testing | Broad 18-65,AD-104,TEST | Video: 60s Explainer,81.71,2197,31,1.64,1,98.29,1,98.29
2026-05-20,Testing | ABO | Weekly Concepts,Testing | Broad 18-65,AD-105,TEST | Static: Comparison Table,68.55,2027,17,1.8,1,94.55,1,94.55
2026-05-20,Testing | ABO | Weekly Concepts,Testing | Broad 18-65,AD-106,TEST | UGC: Busy Mom AM,78.55,2752,39,1.64,1,90.61,1,90.61
2026-05-20,Testing | ABO | Weekly Concepts,Testing | Broad 18-65,AD-107,TEST | Video: Texture/Mixability,75.04,2449,31,1.85,1,90.57,1,90.57
2026-05-20,Testing | ABO | Weekly Concepts,Testing | Broad 18-65,AD-108,TEST | Static: Founder Quote,70.05,1952,14,1.71,1,91.49,1,91.49
2026-05-21,Scaling | ASC | Core Products,ASC | Broad,AD-011,UGC | Morning Routine | Sarah K | Bio-Avail Multi,637.33,20012,201,1.68,13,1156.67,12,1085.67
2026-05-21,Scaling | ASC | Core Products,ASC | Broad,AD-012,Static | 'One Scoop' Benefit Stack | Multi,430.29,12390,115,1.93,8,701.31,7,635.48
2026-05-21,Scaling | ASC | Core Products,ASC | Broad,AD-014,Video | Founder Story | Chris | Bio-Avail Multi,848.55,24115,344,1.9,21,1790.68,19,1647.47
2026-05-21,Scaling | ASC | Core Products,ASC | Broad,AD-016,UGC | 'I Quit 6 Supplements' | Mark T | Multi,450.81,13100,141,2.0,9,822.95,8,757.7
2026-05-21,Scaling | ASC | Core Products,ASC | Broad,AD-019,Carousel | Ingredient Transparency | Multi,364.79,11328,94,1.98,7,670.75,6,600.27
2026-05-21,Scaling | ASC | Core Products,ASC | Broad,AD-022,Video | Podcast Clip | Energy After 40 | Multi,417.53,13717,176,1.75,10,910.93,9,843.18
2026-05-21,Prospecting | Interest Stacks,Stack | Health & Wellness,AD-005,Static | Organ Meats Without the Taste | Organs,209.67,5420,50,2.05,2,190.03,2,190.03
2026-05-21,Prospecting | Interest Stacks,Stack | Health & Wellness,AD-007,Video | Why Multivitamins Fail | Multi,272.88,7816,97,1.79,3,278.82,3,278.82
2026-05-21,Prospecting | Interest Stacks,Stack | Health & Wellness,AD-008,Static | Clinician-Grade Standard | Brand,155.74,4887,43,2.04,1,90.28,1,90.28
2026-05-21,Prospecting | Interest Stacks,Stack | Health & Wellness,AD-009,Video | Omega Freshness Test | Omega,183.44,5419,61,1.81,2,207.64,2,207.64
2026-05-21,Remarketing | DPA | Engagers 30D,Engagers + Visitors 30D,AD-201,DPA | Viewed Product 14D | Dynamic,363.99,10339,251,1.62,17,1301.86,5,459.11
2026-05-21,Remarketing | DPA | Engagers 30D,Engagers + Visitors 30D,AD-202,Static | 'Still Thinking It Over?' 10% Offer,226.97,8020,119,1.62,9,686.88,3,292.94
2026-05-21,Remarketing | DPA | Engagers 30D,Engagers + Visitors 30D,AD-203,Video | Reviews Social Proof | All Products,186.09,5163,80,1.77,3,232.54,1,96.97
2026-05-21,Testing | ABO | Weekly Concepts,Testing | Broad 18-65,AD-103,TEST | UGC: Gym Bag Tour,84.99,2237,18,2.03,1,97.64,1,97.64
2026-05-21,Testing | ABO | Weekly Concepts,Testing | Broad 18-65,AD-104,TEST | Video: 60s Explainer,83.82,2193,28,1.86,1,93.1,1,93.1
2026-05-21,Testing | ABO | Weekly Concepts,Testing | Broad 18-65,AD-105,TEST | Static: Comparison Table,74.76,2016,16,1.95,1,85.45,1,85.45
2026-05-21,Testing | ABO | Weekly Concepts,Testing | Broad 18-65,AD-106,TEST | UGC: Busy Mom AM,82.05,2641,38,2.09,1,96.01,1,96.01
2026-05-21,Testing | ABO | Weekly Concepts,Testing | Broad 18-65,AD-107,TEST | Video: Texture/Mixability,89.0,2607,43,2.03,1,92.02,1,92.02
2026-05-21,Testing | ABO | Weekly Concepts,Testing | Broad 18-65,AD-108,TEST | Static: Founder Quote,87.44,3013,24,1.7,1,92.04,1,92.04
2026-05-22,Scaling | ASC | Core Products,ASC | Broad,AD-011,UGC | Morning Routine | Sarah K | Bio-Avail Multi,529.67,11769,143,1.74,10,848.58,9,773.53
2026-05-22,Scaling | ASC | Core Products,ASC | Broad,AD-012,Static | 'One Scoop' Benefit Stack | Multi,385.44,8942,85,1.63,8,730.81,7,662.34
2026-05-22,Scaling | ASC | Core Products,ASC | Broad,AD-014,Video | Founder Story | Chris | Bio-Avail Multi,657.08,15797,188,1.9,29,2945.94,26,2727.69
2026-05-22,Scaling | ASC | Core Products,ASC | Broad,AD-016,UGC | 'I Quit 6 Supplements' | Mark T | Multi,499.4,10982,105,1.98,17,1457.9,15,1326.57
2026-05-22,Scaling | ASC | Core Products,ASC | Broad,AD-019,Carousel | Ingredient Transparency | Multi,310.2,6824,57,2.06,6,508.67,5,443.27
2026-05-22,Scaling | ASC | Core Products,ASC | Broad,AD-022,Video | Podcast Clip | Energy After 40 | Multi,437.01,12733,162,1.61,12,1067.64,11,998.02
2026-05-22,Prospecting | Interest Stacks,Stack | Health & Wellness,AD-005,Static | Organ Meats Without the Taste | Organs,260.4,7428,59,1.61,4,376.28,4,376.28
2026-05-22,Prospecting | Interest Stacks,Stack | Health & Wellness,AD-007,Video | Why Multivitamins Fail | Multi,299.41,6636,74,1.91,7,622.11,6,549.23
2026-05-22,Prospecting | Interest Stacks,Stack | Health & Wellness,AD-008,Static | Clinician-Grade Standard | Brand,178.89,4759,36,1.82,2,190.57,2,190.57
2026-05-22,Prospecting | Interest Stacks,Stack | Health & Wellness,AD-009,Video | Omega Freshness Test | Omega,198.88,5018,46,1.91,4,355.82,4,355.82
2026-05-22,Remarketing | DPA | Engagers 30D,Engagers + Visitors 30D,AD-201,DPA | Viewed Product 14D | Dynamic,285.99,7377,204,1.91,17,1276.78,5,423.22
2026-05-22,Remarketing | DPA | Engagers 30D,Engagers + Visitors 30D,AD-202,Static | 'Still Thinking It Over?' 10% Offer,191.13,5835,98,1.94,9,690.05,3,286.66
2026-05-22,Remarketing | DPA | Engagers 30D,Engagers + Visitors 30D,AD-203,Video | Reviews Social Proof | All Products,146.01,3213,51,1.9,6,436.44,2,187.69
2026-05-22,Testing | ABO | Weekly Concepts,Testing | Broad 18-65,AD-103,TEST | UGC: Gym Bag Tour,77.6,2082,16,1.74,1,96.35,1,96.35
2026-05-22,Testing | ABO | Weekly Concepts,Testing | Broad 18-65,AD-104,TEST | Video: 60s Explainer,78.65,2360,27,1.95,2,189.09,2,189.09
2026-05-22,Testing | ABO | Weekly Concepts,Testing | Broad 18-65,AD-105,TEST | Static: Comparison Table,67.76,1694,14,1.76,1,93.74,1,93.74
2026-05-22,Testing | ABO | Weekly Concepts,Testing | Broad 18-65,AD-106,TEST | UGC: Busy Mom AM,67.71,2000,22,1.66,1,92.2,1,92.2
2026-05-22,Testing | ABO | Weekly Concepts,Testing | Broad 18-65,AD-107,TEST | Video: Texture/Mixability,70.2,1667,22,1.81,2,170.9,2,170.9
2026-05-22,Testing | ABO | Weekly Concepts,Testing | Broad 18-65,AD-108,TEST | Static: Founder Quote,63.95,1420,11,2.02,1,88.62,1,88.62
2026-05-23,Scaling | ASC | Core Products,ASC | Broad,AD-011,UGC | Morning Routine | Sarah K | Bio-Avail Multi,641.3,17573,205,1.91,14,1289.29,13,1220.37
2026-05-23,Scaling | ASC | Core Products,ASC | Broad,AD-012,Static | 'One Scoop' Benefit Stack | Multi,462.82,11711,124,1.95,8,710.61,7,641.98
2026-05-23,Scaling | ASC | Core Products,ASC | Broad,AD-014,Video | Founder Story | Chris | Bio-Avail Multi,873.1,22532,344,1.9,30,2658.64,27,2457.97
2026-05-23,Scaling | ASC | Core Products,ASC | Broad,AD-016,UGC | 'I Quit 6 Supplements' | Mark T | Multi,522.71,12652,142,1.87,10,864.59,9,788.9
2026-05-23,Scaling | ASC | Core Products,ASC | Broad,AD-019,Carousel | Ingredient Transparency | Multi,350.66,8782,76,1.7,7,615.13,6,548.2
2026-05-23,Scaling | ASC | Core Products,ASC | Broad,AD-022,Video | Podcast Clip | Energy After 40 | Multi,467.85,11922,147,1.89,16,1414.57,14,1293.55
2026-05-23,Prospecting | Interest Stacks,Stack | Health & Wellness,AD-005,Static | Organ Meats Without the Taste | Organs,313.38,9436,88,1.65,4,343.91,4,343.91
2026-05-23,Prospecting | Interest Stacks,Stack | Health & Wellness,AD-007,Video | Why Multivitamins Fail | Multi,281.72,8420,85,1.7,4,375.34,4,375.34
2026-05-23,Prospecting | Interest Stacks,Stack | Health & Wellness,AD-008,Static | Clinician-Grade Standard | Brand,177.67,5359,33,1.96,2,187.88,2,187.88
2026-05-23,Prospecting | Interest Stacks,Stack | Health & Wellness,AD-009,Video | Omega Freshness Test | Omega,200.76,5906,52,1.76,2,173.18,2,173.18
2026-05-23,Remarketing | DPA | Engagers 30D,Engagers + Visitors 30D,AD-201,DPA | Viewed Product 14D | Dynamic,315.39,6952,150,1.67,13,1016.8,4,394.81
2026-05-23,Remarketing | DPA | Engagers 30D,Engagers + Visitors 30D,AD-202,Static | 'Still Thinking It Over?' 10% Offer,253.93,7441,121,1.63,9,665.87,3,272.41
2026-05-23,Remarketing | DPA | Engagers 30D,Engagers + Visitors 30D,AD-203,Video | Reviews Social Proof | All Products,156.53,4192,62,1.72,6,423.89,2,169.87
2026-05-23,Testing | ABO | Weekly Concepts,Testing | Broad 18-65,AD-104,TEST | Video: 60s Explainer,95.23,2858,41,1.81,1,90.94,1,90.94
2026-05-23,Testing | ABO | Weekly Concepts,Testing | Broad 18-65,AD-105,TEST | Static: Comparison Table,121.87,3513,27,1.77,1,98.44,1,98.44
2026-05-23,Testing | ABO | Weekly Concepts,Testing | Broad 18-65,AD-106,TEST | UGC: Busy Mom AM,96.47,2471,30,1.69,1,89.05,1,89.05
2026-05-23,Testing | ABO | Weekly Concepts,Testing | Broad 18-65,AD-107,TEST | Video: Texture/Mixability,103.43,3153,38,2.06,2,184.12,2,184.12
2026-05-23,Testing | ABO | Weekly Concepts,Testing | Broad 18-65,AD-108,TEST | Static: Founder Quote,106.75,3027,23,1.96,1,95.54,1,95.54
2026-05-24,Scaling | ASC | Core Products,ASC | Broad,AD-011,UGC | Morning Routine | Sarah K | Bio-Avail Multi,642.84,16557,199,1.93,14,1356.28,13,1287.89
2026-05-24,Scaling | ASC | Core Products,ASC | Broad,AD-012,Static | 'One Scoop' Benefit Stack | Multi,486.23,12924,131,1.66,12,1082.04,11,1009.44
2026-05-24,Scaling | ASC | Core Products,ASC | Broad,AD-014,Video | Founder Story | Chris | Bio-Avail Multi,691.55,20299,254,1.9,34,3042.46,31,2842.58
2026-05-24,Scaling | ASC | Core Products,ASC | Broad,AD-016,UGC | 'I Quit 6 Supplements' | Mark T | Multi,561.66,12397,150,1.96,12,1043.52,11,970.92
2026-05-24,Scaling | ASC | Core Products,ASC | Broad,AD-019,Carousel | Ingredient Transparency | Multi,415.95,9170,76,1.75,7,589.76,6,525.22
2026-05-24,Scaling | ASC | Core Products,ASC | Broad,AD-022,Video | Podcast Clip | Energy After 40 | Multi,474.18,14012,171,1.89,12,1167.6,11,1101.83
2026-05-24,Prospecting | Interest Stacks,Stack | Health & Wellness,AD-005,Static | Organ Meats Without the Taste | Organs,264.19,6953,66,1.92,4,363.33,4,363.33
2026-05-24,Prospecting | Interest Stacks,Stack | Health & Wellness,AD-007,Video | Why Multivitamins Fail | Multi,256.62,6679,60,1.68,4,390.69,4,390.69
2026-05-24,Prospecting | Interest Stacks,Stack | Health & Wellness,AD-008,Static | Clinician-Grade Standard | Brand,175.71,4432,31,2.06,2,177.86,2,177.86
2026-05-24,Prospecting | Interest Stacks,Stack | Health & Wellness,AD-009,Video | Omega Freshness Test | Omega,196.5,5651,56,2.02,3,279.8,3,279.8
2026-05-24,Remarketing | DPA | Engagers 30D,Engagers + Visitors 30D,AD-201,DPA | Viewed Product 14D | Dynamic,360.83,8738,168,1.75,23,1757.79,7,655.75
2026-05-24,Remarketing | DPA | Engagers 30D,Engagers + Visitors 30D,AD-202,Static | 'Still Thinking It Over?' 10% Offer,260.47,5810,103,1.96,11,854.66,4,386.24
2026-05-24,Remarketing | DPA | Engagers 30D,Engagers + Visitors 30D,AD-203,Video | Reviews Social Proof | All Products,184.98,5153,74,1.98,6,435.2,2,176.01
2026-05-24,Testing | ABO | Weekly Concepts,Testing | Broad 18-65,AD-105,TEST | Static: Comparison Table,113.87,3035,23,2.04,2,189.48,2,189.48
2026-05-24,Testing | ABO | Weekly Concepts,Testing | Broad 18-65,AD-106,TEST | UGC: Busy Mom AM,102.14,2415,30,2.05,1,91.2,1,91.2
2026-05-24,Testing | ABO | Weekly Concepts,Testing | Broad 18-65,AD-107,TEST | Video: Texture/Mixability,106.94,2429,30,1.85,2,182.49,2,182.49
2026-05-24,Testing | ABO | Weekly Concepts,Testing | Broad 18-65,AD-108,TEST | Static: Founder Quote,106.72,2754,22,1.79,2,179.08,2,179.08
2026-05-25,Scaling | ASC | Core Products,ASC | Broad,AD-011,UGC | Morning Routine | Sarah K | Bio-Avail Multi,639.99,15913,181,1.84,18,1684.03,16,1552.39
2026-05-25,Scaling | ASC | Core Products,ASC | Broad,AD-012,Static | 'One Scoop' Benefit Stack | Multi,454.31,12596,110,1.86,11,976.56,10,915.69
2026-05-25,Scaling | ASC | Core Products,ASC | Broad,AD-014,Video | Founder Story | Chris | Bio-Avail Multi,762.8,19260,299,1.9,26,2209.55,23,2030.53
2026-05-25,Scaling | ASC | Core Products,ASC | Broad,AD-016,UGC | 'I Quit 6 Supplements' | Mark T | Multi,517.16,12972,159,1.99,17,1518.88,15,1385.38
2026-05-25,Scaling | ASC | Core Products,ASC | Broad,AD-019,Carousel | Ingredient Transparency | Multi,388.95,9293,66,1.66,8,744.96,7,668.76
2026-05-25,Scaling | ASC | Core Products,ASC | Broad,AD-022,Video | Podcast Clip | Energy After 40 | Multi,480.09,12307,156,1.63,11,1016.51,10,945.67
2026-05-25,Prospecting | Interest Stacks,Stack | Health & Wellness,AD-005,Static | Organ Meats Without the Taste | Organs,255.31,5749,46,1.66,5,451.98,5,451.98
2026-05-25,Prospecting | Interest Stacks,Stack | Health & Wellness,AD-007,Video | Why Multivitamins Fail | Multi,237.92,5598,57,1.91,4,378.42,4,378.42
2026-05-25,Prospecting | Interest Stacks,Stack | Health & Wellness,AD-008,Static | Clinician-Grade Standard | Brand,180.98,4875,40,1.95,3,266.42,3,266.42
2026-05-25,Prospecting | Interest Stacks,Stack | Health & Wellness,AD-009,Video | Omega Freshness Test | Omega,191.92,4202,42,1.64,3,274.78,3,274.78
2026-05-25,Remarketing | DPA | Engagers 30D,Engagers + Visitors 30D,AD-201,DPA | Viewed Product 14D | Dynamic,330.12,8146,158,2.04,20,1453.22,6,550.04
2026-05-25,Remarketing | DPA | Engagers 30D,Engagers + Visitors 30D,AD-202,Static | 'Still Thinking It Over?' 10% Offer,213.23,4974,80,1.97,9,758.9,3,273.99
2026-05-25,Remarketing | DPA | Engagers 30D,Engagers + Visitors 30D,AD-203,Video | Reviews Social Proof | All Products,171.78,3937,54,1.99,6,473.71,2,203.29
2026-05-25,Testing | ABO | Weekly Concepts,Testing | Broad 18-65,AD-105,TEST | Static: Comparison Table,98.23,2271,17,1.7,2,178.92,2,178.92
2026-05-25,Testing | ABO | Weekly Concepts,Testing | Broad 18-65,AD-106,TEST | UGC: Busy Mom AM,112.84,3459,38,1.64,2,188.97,2,188.97
2026-05-25,Testing | ABO | Weekly Concepts,Testing | Broad 18-65,AD-107,TEST | Video: Texture/Mixability,99.57,2290,28,1.74,2,188.69,2,188.69
2026-05-25,Testing | ABO | Weekly Concepts,Testing | Broad 18-65,AD-108,TEST | Static: Founder Quote,106.43,2314,17,1.98,2,174.41,2,174.41
2026-05-26,Scaling | ASC | Core Products,ASC | Broad,AD-011,UGC | Morning Routine | Sarah K | Bio-Avail Multi,563.43,15568,201,2.03,16,1352.9,14,1199.9
2026-05-26,Scaling | ASC | Core Products,ASC | Broad,AD-012,Static | 'One Scoop' Benefit Stack | Multi,437.75,12741,116,2.05,9,889.87,8,818.37
2026-05-26,Scaling | ASC | Core Products,ASC | Broad,AD-014,Video | Founder Story | Chris | Bio-Avail Multi,761.46,22912,351,1.9,27,2427.45,24,2239.5
2026-05-26,Scaling | ASC | Core Products,ASC | Broad,AD-016,UGC | 'I Quit 6 Supplements' | Mark T | Multi,419.26,10055,90,1.87,13,1300.35,12,1227.46
2026-05-26,Scaling | ASC | Core Products,ASC | Broad,AD-019,Carousel | Ingredient Transparency | Multi,322.37,8091,76,1.66,7,621.97,6,552.94
2026-05-26,Scaling | ASC | Core Products,ASC | Broad,AD-022,Video | Podcast Clip | Energy After 40 | Multi,458.65,10540,127,1.73,17,1605.32,15,1466.03
2026-05-26,Scaling | ASC | Core Products,ASC | Broad,AD-025,Static | Press + Reviews Mashup | Multi,314.66,7221,68,1.8,12,1019.12,11,953.42
2026-05-26,Prospecting | Interest Stacks,Stack | Health & Wellness,AD-005,Static | Organ Meats Without the Taste | Organs,267.95,6118,58,1.97,5,476.5,5,476.5
2026-05-26,Prospecting | Interest Stacks,Stack | Health & Wellness,AD-007,Video | Why Multivitamins Fail | Multi,322.79,9731,101,2.02,7,620.04,6,549.83
2026-05-26,Prospecting | Interest Stacks,Stack | Health & Wellness,AD-008,Static | Clinician-Grade Standard | Brand,173.48,4331,29,1.66,2,177.21,2,177.21
2026-05-26,Prospecting | Interest Stacks,Stack | Health & Wellness,AD-009,Video | Omega Freshness Test | Omega,201.45,4611,42,1.86,4,363.11,4,363.11
2026-05-26,Remarketing | DPA | Engagers 30D,Engagers + Visitors 30D,AD-201,DPA | Viewed Product 14D | Dynamic,306.25,8383,147,2.08,23,1762.63,7,694.54
2026-05-26,Remarketing | DPA | Engagers 30D,Engagers + Visitors 30D,AD-202,Static | 'Still Thinking It Over?' 10% Offer,242.06,5698,93,2.09,11,820.63,4,355.86
2026-05-26,Remarketing | DPA | Engagers 30D,Engagers + Visitors 30D,AD-203,Video | Reviews Social Proof | All Products,166.37,4916,79,1.74,6,451.72,2,174.3
2026-05-26,Testing | ABO | Weekly Concepts,Testing | Broad 18-65,AD-105,TEST | Static: Comparison Table,86.46,2655,22,2.05,1,87.7,1,87.7
2026-05-26,Testing | ABO | Weekly Concepts,Testing | Broad 18-65,AD-106,TEST | UGC: Busy Mom AM,68.37,1879,23,2.06,2,177.55,2,177.55
2026-05-26,Testing | ABO | Weekly Concepts,Testing | Broad 18-65,AD-107,TEST | Video: Texture/Mixability,82.91,2011,23,1.86,2,196.17,2,196.17
2026-05-26,Testing | ABO | Weekly Concepts,Testing | Broad 18-65,AD-108,TEST | Static: Founder Quote,86.85,2009,19,1.99,1,89.98,1,89.98
2026-05-26,Testing | ABO | Weekly Concepts,Testing | Broad 18-65,AD-109,TEST | UGC: Skeptic Convert,79.07,2115,24,2.06,2,204.29,2,204.29
2026-05-26,Testing | ABO | Weekly Concepts,Testing | Broad 18-65,AD-110,TEST | Video: 'What's In It' Macro,69.26,1937,18,1.68,1,91.87,1,91.87
2026-05-27,Scaling | ASC | Core Products,ASC | Broad,AD-011,UGC | Morning Routine | Sarah K | Bio-Avail Multi,532.38,17318,185,1.91,10,836.74,9,768.34
2026-05-27,Scaling | ASC | Core Products,ASC | Broad,AD-012,Static | 'One Scoop' Benefit Stack | Multi,412.78,13022,129,1.61,8,663.96,7,589.42
2026-05-27,Scaling | ASC | Core Products,ASC | Broad,AD-014,Video | Founder Story | Chris | Bio-Avail Multi,657.04,21307,304,1.9,16,1430.64,14,1297.8
2026-05-27,Scaling | ASC | Core Products,ASC | Broad,AD-016,UGC | 'I Quit 6 Supplements' | Mark T | Multi,501.54,17108,210,2.06,10,874.29,9,808.17
2026-05-27,Scaling | ASC | Core Products,ASC | Broad,AD-019,Carousel | Ingredient Transparency | Multi,343.29,8650,76,2.02,6,519.64,5,455.43
2026-05-27,Scaling | ASC | Core Products,ASC | Broad,AD-022,Video | Podcast Clip | Energy After 40 | Multi,447.96,15696,174,1.89,10,879.61,9,813.12
2026-05-27,Scaling | ASC | Core Products,ASC | Broad,AD-025,Static | Press + Reviews Mashup | Multi,325.04,10901,94,1.69,4,329.89,4,329.89
2026-05-27,Prospecting | Interest Stacks,Stack | Health & Wellness,AD-005,Static | Organ Meats Without the Taste | Organs,256.33,8998,67,1.92,2,173.84,2,173.84
2026-05-27,Prospecting | Interest Stacks,Stack | Health & Wellness,AD-007,Video | Why Multivitamins Fail | Multi,309.88,9247,93,2.09,3,258.32,3,258.32
2026-05-27,Prospecting | Interest Stacks,Stack | Health & Wellness,AD-008,Static | Clinician-Grade Standard | Brand,177.74,6056,48,1.99,1,90.71,1,90.71
2026-05-27,Prospecting | Interest Stacks,Stack | Health & Wellness,AD-009,Video | Omega Freshness Test | Omega,177.53,5679,63,1.65,1,87.85,1,87.85
2026-05-27,Remarketing | DPA | Engagers 30D,Engagers + Visitors 30D,AD-201,DPA | Viewed Product 14D | Dynamic,354.31,10003,185,1.83,13,950.91,4,359.53
2026-05-27,Remarketing | DPA | Engagers 30D,Engagers + Visitors 30D,AD-202,Static | 'Still Thinking It Over?' 10% Offer,265.92,8347,142,1.98,9,650.04,3,275.24
2026-05-27,Remarketing | DPA | Engagers 30D,Engagers + Visitors 30D,AD-203,Video | Reviews Social Proof | All Products,197.55,5954,91,1.75,6,465.54,2,176.2
2026-05-27,Testing | ABO | Weekly Concepts,Testing | Broad 18-65,AD-106,TEST | UGC: Busy Mom AM,94.43,2566,35,2.03,1,88.85,1,88.85
2026-05-27,Testing | ABO | Weekly Concepts,Testing | Broad 18-65,AD-107,TEST | Video: Texture/Mixability,97.19,3055,41,1.99,1,91.76,1,91.76
2026-05-27,Testing | ABO | Weekly Concepts,Testing | Broad 18-65,AD-108,TEST | Static: Founder Quote,95.66,3221,32,2.03,1,90.08,1,90.08
2026-05-27,Testing | ABO | Weekly Concepts,Testing | Broad 18-65,AD-109,TEST | UGC: Skeptic Convert,82.0,2619,24,1.78,1,87.42,1,87.42
2026-05-27,Testing | ABO | Weekly Concepts,Testing | Broad 18-65,AD-110,TEST | Video: 'What's In It' Macro,84.12,3002,32,1.94,1,88.53,1,88.53
2026-05-28,Scaling | ASC | Core Products,ASC | Broad,AD-011,UGC | Morning Routine | Sarah K | Bio-Avail Multi,511.43,12823,138,1.95,9,783.84,8,715.11
2026-05-28,Scaling | ASC | Core Products,ASC | Broad,AD-012,Static | 'One Scoop' Benefit Stack | Multi,408.34,14354,128,1.98,8,729.54,7,661.58
2026-05-28,Scaling | ASC | Core Products,ASC | Broad,AD-014,Video | Founder Story | Chris | Bio-Avail Multi,627.59,16435,228,1.9,16,1550.45,14,1408.28
2026-05-28,Scaling | ASC | Core Products,ASC | Broad,AD-016,UGC | 'I Quit 6 Supplements' | Mark T | Multi,422.03,11258,117,1.94,9,819.21,8,750.47
2026-05-28,Scaling | ASC | Core Products,ASC | Broad,AD-019,Carousel | Ingredient Transparency | Multi,296.05,8286,70,2.06,3,300.39,3,300.39
2026-05-28,Scaling | ASC | Core Products,ASC | Broad,AD-022,Video | Podcast Clip | Energy After 40 | Multi,409.84,10314,113,1.71,8,682.63,7,613.52
2026-05-28,Scaling | ASC | Core Products,ASC | Broad,AD-025,Static | Press + Reviews Mashup | Multi,221.79,5567,51,2.06,3,256.21,3,256.21
2026-05-28,Prospecting | Interest Stacks,Stack | Health & Wellness,AD-005,Static | Organ Meats Without the Taste | Organs,249.43,6500,61,2.09,2,175.75,2,175.75
2026-05-28,Prospecting | Interest Stacks,Stack | Health & Wellness,AD-007,Video | Why Multivitamins Fail | Multi,254.63,7360,69,1.67,3,289.49,3,289.49
2026-05-28,Prospecting | Interest Stacks,Stack | Health & Wellness,AD-008,Static | Clinician-Grade Standard | Brand,154.04,5255,35,2.05,1,91.37,1,91.37
2026-05-28,Prospecting | Interest Stacks,Stack | Health & Wellness,AD-009,Video | Omega Freshness Test | Omega,197.8,6328,63,1.76,2,197.65,2,197.65
2026-05-28,Remarketing | DPA | Engagers 30D,Engagers + Visitors 30D,AD-201,DPA | Viewed Product 14D | Dynamic,410.86,14667,319,1.7,13,952.63,4,373.57
2026-05-28,Remarketing | DPA | Engagers 30D,Engagers + Visitors 30D,AD-202,Static | 'Still Thinking It Over?' 10% Offer,250.76,7905,118,1.71,6,461.56,2,189.27
2026-05-28,Remarketing | DPA | Engagers 30D,Engagers + Visitors 30D,AD-203,Video | Reviews Social Proof | All Products,143.46,3718,56,2.04,6,440.67,2,177.87
2026-05-28,Testing | ABO | Weekly Concepts,Testing | Broad 18-65,AD-106,TEST | UGC: Busy Mom AM,106.04,3033,40,1.64,2,172.79,2,172.79
2026-05-28,Testing | ABO | Weekly Concepts,Testing | Broad 18-65,AD-107,TEST | Video: Texture/Mixability,86.71,2763,40,1.62,1,78.9,1,78.9
2026-05-28,Testing | ABO | Weekly Concepts,Testing | Broad 18-65,AD-108,TEST | Static: Founder Quote,96.8,2461,21,2.04,1,99.87,1,99.87
2026-05-28,Testing | ABO | Weekly Concepts,Testing | Broad 18-65,AD-109,TEST | UGC: Skeptic Convert,95.23,2591,27,2.03,1,89.83,1,89.83
2026-05-28,Testing | ABO | Weekly Concepts,Testing | Broad 18-65,AD-110,TEST | Video: 'What's In It' Macro,89.39,2725,28,1.93,1,94.18,1,94.18
2026-05-29,Scaling | ASC | Core Products,ASC | Broad,AD-011,UGC | Morning Routine | Sarah K | Bio-Avail Multi,513.04,17328,216,1.79,12,1091.23,11,1024.22
2026-05-29,Scaling | ASC | Core Products,ASC | Broad,AD-012,Static | 'One Scoop' Benefit Stack | Multi,499.85,12877,126,1.91,10,980.65,9,910.08
2026-05-29,Scaling | ASC | Core Products,ASC | Broad,AD-014,Video | Founder Story | Chris | Bio-Avail Multi,767.22,22997,306,1.9,22,1890.31,20,1745.2
2026-05-29,Scaling | ASC | Core Products,ASC | Broad,AD-016,UGC | 'I Quit 6 Supplements' | Mark T | Multi,483.14,15529,208,2.0,9,778.04,8,711.89
2026-05-29,Scaling | ASC | Core Products,ASC | Broad,AD-019,Carousel | Ingredient Transparency | Multi,402.93,10355,115,1.72,7,590.16,6,522.3
2026-05-29,Scaling | ASC | Core Products,ASC | Broad,AD-022,Video | Podcast Clip | Energy After 40 | Multi,473.02,15403,192,1.7,9,831.21,8,765.54
2026-05-29,Scaling | ASC | Core Products,ASC | Broad,AD-025,Static | Press + Reviews Mashup | Multi,270.71,7044,57,1.91,3,280.36,3,280.36
2026-05-29,Prospecting | Interest Stacks,Stack | Health & Wellness,AD-005,Static | Organ Meats Without the Taste | Organs,192.82,5846,59,1.87,2,192.29,2,192.29
2026-05-29,Prospecting | Interest Stacks,Stack | Health & Wellness,AD-007,Video | Why Multivitamins Fail | Multi,232.12,6809,64,2.06,3,272.76,3,272.76
2026-05-29,Prospecting | Interest Stacks,Stack | Health & Wellness,AD-008,Static | Clinician-Grade Standard | Brand,151.28,4234,32,1.95,1,88.09,1,88.09
2026-05-29,Prospecting | Interest Stacks,Stack | Health & Wellness,AD-009,Video | Omega Freshness Test | Omega,155.13,5352,50,1.82,2,177.72,2,177.72
2026-05-29,Remarketing | DPA | Engagers 30D,Engagers + Visitors 30D,AD-201,DPA | Viewed Product 14D | Dynamic,412.48,10737,208,2.08,10,759.38,3,269.91
2026-05-29,Remarketing | DPA | Engagers 30D,Engagers + Visitors 30D,AD-202,Static | 'Still Thinking It Over?' 10% Offer,250.76,6354,118,1.74,9,649.58,3,263.33
2026-05-29,Remarketing | DPA | Engagers 30D,Engagers + Visitors 30D,AD-203,Video | Reviews Social Proof | All Products,211.42,6359,98,1.98,6,432.69,2,177.59
2026-05-29,Testing | ABO | Weekly Concepts,Testing | Broad 18-65,AD-106,TEST | UGC: Busy Mom AM,80.98,2436,32,1.9,1,88.64,1,88.64
2026-05-29,Testing | ABO | Weekly Concepts,Testing | Broad 18-65,AD-107,TEST | Video: Texture/Mixability,84.66,3003,46,1.81,1,95.72,1,95.72
2026-05-29,Testing | ABO | Weekly Concepts,Testing | Broad 18-65,AD-108,TEST | Static: Founder Quote,71.15,1977,17,1.74,1,90.41,1,90.41
2026-05-29,Testing | ABO | Weekly Concepts,Testing | Broad 18-65,AD-109,TEST | UGC: Skeptic Convert,85.96,2209,29,1.99,1,89.35,1,89.35
2026-05-29,Testing | ABO | Weekly Concepts,Testing | Broad 18-65,AD-110,TEST | Video: 'What's In It' Macro,88.17,3052,28,2.01,1,87.92,1,87.92
2026-05-30,Scaling | ASC | Core Products,ASC | Broad,AD-011,UGC | Morning Routine | Sarah K | Bio-Avail Multi,537.31,16412,169,1.81,9,791.55,8,724.08
2026-05-30,Scaling | ASC | Core Products,ASC | Broad,AD-012,Static | 'One Scoop' Benefit Stack | Multi,411.71,11194,102,1.7,6,513.51,5,442.38
2026-05-30,Scaling | ASC | Core Products,ASC | Broad,AD-014,Video | Founder Story | Chris | Bio-Avail Multi,730.86,25844,345,1.9,17,1509.33,15,1374.6
2026-05-30,Scaling | ASC | Core Products,ASC | Broad,AD-016,UGC | 'I Quit 6 Supplements' | Mark T | Multi,483.78,16464,163,1.93,6,549.23,5,480.37
2026-05-30,Scaling | ASC | Core Products,ASC | Broad,AD-019,Carousel | Ingredient Transparency | Multi,329.11,9053,72,1.72,4,384.06,4,384.06
2026-05-30,Scaling | ASC | Core Products,ASC | Broad,AD-022,Video | Podcast Clip | Energy After 40 | Multi,403.41,12465,154,1.79,9,850.99,8,781.73
2026-05-30,Scaling | ASC | Core Products,ASC | Broad,AD-025,Static | Press + Reviews Mashup | Multi,243.35,8303,87,2.02,3,241.75,3,241.75
2026-05-30,Prospecting | Interest Stacks,Stack | Health & Wellness,AD-005,Static | Organ Meats Without the Taste | Organs,258.31,7648,59,1.95,2,184.29,2,184.29
2026-05-30,Prospecting | Interest Stacks,Stack | Health & Wellness,AD-007,Video | Why Multivitamins Fail | Multi,322.68,10699,109,1.74,2,172.26,2,172.26
2026-05-30,Prospecting | Interest Stacks,Stack | Health & Wellness,AD-008,Static | Clinician-Grade Standard | Brand,205.64,6720,36,1.94,2,183.12,2,183.12
2026-05-30,Prospecting | Interest Stacks,Stack | Health & Wellness,AD-009,Video | Omega Freshness Test | Omega,190.82,5159,52,2.01,1,90.06,1,90.06
2026-05-30,Remarketing | DPA | Engagers 30D,Engagers + Visitors 30D,AD-201,DPA | Viewed Product 14D | Dynamic,366.3,11412,209,1.84,17,1239.43,5,446.3
2026-05-30,Remarketing | DPA | Engagers 30D,Engagers + Visitors 30D,AD-202,Static | 'Still Thinking It Over?' 10% Offer,243.2,6493,116,1.91,6,427.38,2,185.62
2026-05-30,Remarketing | DPA | Engagers 30D,Engagers + Visitors 30D,AD-203,Video | Reviews Social Proof | All Products,213.13,7044,101,1.92,6,470.66,2,177.92
2026-05-30,Testing | ABO | Weekly Concepts,Testing | Broad 18-65,AD-106,TEST | UGC: Busy Mom AM,92.32,2468,30,1.9,1,83.7,1,83.7
2026-05-30,Testing | ABO | Weekly Concepts,Testing | Broad 18-65,AD-107,TEST | Video: Texture/Mixability,74.36,2419,28,2.09,1,83.18,1,83.18
2026-05-30,Testing | ABO | Weekly Concepts,Testing | Broad 18-65,AD-108,TEST | Static: Founder Quote,95.65,3198,24,1.68,1,86.91,1,86.91
2026-05-30,Testing | ABO | Weekly Concepts,Testing | Broad 18-65,AD-109,TEST | UGC: Skeptic Convert,93.14,3282,35,1.76,1,90.53,1,90.53
2026-05-30,Testing | ABO | Weekly Concepts,Testing | Broad 18-65,AD-110,TEST | Video: 'What's In It' Macro,102.27,3104,32,1.89,1,89.09,1,89.09
2026-05-31,Scaling | ASC | Core Products,ASC | Broad,AD-011,UGC | Morning Routine | Sarah K | Bio-Avail Multi,468.03,15638,189,1.76,7,619.4,6,554.39
2026-05-31,Scaling | ASC | Core Products,ASC | Broad,AD-012,Static | 'One Scoop' Benefit Stack | Multi,414.25,14751,124,1.65,6,493.98,5,429.94
2026-05-31,Scaling | ASC | Core Products,ASC | Broad,AD-014,Video | Founder Story | Chris | Bio-Avail Multi,636.06,18900,270,1.9,17,1438.59,15,1306.22
2026-05-31,Scaling | ASC | Core Products,ASC | Broad,AD-016,UGC | 'I Quit 6 Supplements' | Mark T | Multi,489.12,17146,197,1.68,8,724.96,7,651.32
2026-05-31,Scaling | ASC | Core Products,ASC | Broad,AD-019,Carousel | Ingredient Transparency | Multi,314.71,9153,67,1.72,3,264.73,3,264.73
2026-05-31,Scaling | ASC | Core Products,ASC | Broad,AD-022,Video | Podcast Clip | Energy After 40 | Multi,422.36,11995,148,1.84,7,565.66,6,497.42
2026-05-31,Scaling | ASC | Core Products,ASC | Broad,AD-025,Static | Press + Reviews Mashup | Multi,266.44,7545,76,1.92,4,350.72,4,350.72
2026-05-31,Prospecting | Interest Stacks,Stack | Health & Wellness,AD-005,Static | Organ Meats Without the Taste | Organs,236.55,6896,54,1.62,3,277.42,3,277.42
2026-05-31,Prospecting | Interest Stacks,Stack | Health & Wellness,AD-007,Video | Why Multivitamins Fail | Multi,278.51,9016,88,1.98,3,278.59,3,278.59
2026-05-31,Prospecting | Interest Stacks,Stack | Health & Wellness,AD-008,Static | Clinician-Grade Standard | Brand,149.83,3946,30,1.71,1,96.99,1,96.99
2026-05-31,Prospecting | Interest Stacks,Stack | Health & Wellness,AD-009,Video | Omega Freshness Test | Omega,181.99,4814,45,1.66,1,93.19,1,93.19
2026-05-31,Remarketing | DPA | Engagers 30D,Engagers + Visitors 30D,AD-201,DPA | Viewed Product 14D | Dynamic,345.5,10925,223,1.68,10,796.94,3,273.78
2026-05-31,Remarketing | DPA | Engagers 30D,Engagers + Visitors 30D,AD-202,Static | 'Still Thinking It Over?' 10% Offer,277.72,8159,159,1.74,9,671.2,3,264.78
2026-05-31,Remarketing | DPA | Engagers 30D,Engagers + Visitors 30D,AD-203,Video | Reviews Social Proof | All Products,161.16,4760,79,1.71,3,224.83,1,94.84
2026-05-31,Testing | ABO | Weekly Concepts,Testing | Broad 18-65,AD-106,TEST | UGC: Busy Mom AM,90.93,2319,27,1.63,1,90.14,1,90.14
2026-05-31,Testing | ABO | Weekly Concepts,Testing | Broad 18-65,AD-107,TEST | Video: Texture/Mixability,84.22,2269,27,1.81,1,80.23,1,80.23
2026-05-31,Testing | ABO | Weekly Concepts,Testing | Broad 18-65,AD-108,TEST | Static: Founder Quote,82.3,2169,20,1.92,1,94.74,1,94.74
2026-05-31,Testing | ABO | Weekly Concepts,Testing | Broad 18-65,AD-109,TEST | UGC: Skeptic Convert,75.42,2257,27,2.01,1,93.28,1,93.28
2026-05-31,Testing | ABO | Weekly Concepts,Testing | Broad 18-65,AD-110,TEST | Video: 'What's In It' Macro,92.41,2494,21,1.91,1,93.99,1,93.99
2026-06-01,Scaling | ASC | Core Products,ASC | Broad,AD-011,UGC | Morning Routine | Sarah K | Bio-Avail Multi,562.78,15865,177,1.85,10,869.12,9,799.65
2026-06-01,Scaling | ASC | Core Products,ASC | Broad,AD-012,Static | 'One Scoop' Benefit Stack | Multi,430.98,14100,139,1.82,7,631.11,6,560.4
2026-06-01,Scaling | ASC | Core Products,ASC | Broad,AD-014,Video | Founder Story | Chris | Bio-Avail Multi,620.87,16128,217,1.9,18,1571.27,16,1441.47
2026-06-01,Scaling | ASC | Core Products,ASC | Broad,AD-016,UGC | 'I Quit 6 Supplements' | Mark T | Multi,456.8,13143,133,1.91,10,876.12,9,811.58
2026-06-01,Scaling | ASC | Core Products,ASC | Broad,AD-019,Carousel | Ingredient Transparency | Multi,306.59,7915,66,1.84,6,490.67,5,418.6
2026-06-01,Scaling | ASC | Core Products,ASC | Broad,AD-022,Video | Podcast Clip | Energy After 40 | Multi,451.66,16105,213,1.63,8,732.8,7,667.37
2026-06-01,Scaling | ASC | Core Products,ASC | Broad,AD-025,Static | Press + Reviews Mashup | Multi,231.64,7850,65,2.07,3,252.14,3,252.14
2026-06-01,Prospecting | Interest Stacks,Stack | Health & Wellness,AD-005,Static | Organ Meats Without the Taste | Organs,295.46,8320,81,1.96,3,278.05,3,278.05
2026-06-01,Prospecting | Interest Stacks,Stack | Health & Wellness,AD-007,Video | Why Multivitamins Fail | Multi,288.05,8459,83,1.6,3,277.01,3,277.01
2026-06-01,Prospecting | Interest Stacks,Stack | Health & Wellness,AD-008,Static | Clinician-Grade Standard | Brand,168.49,4388,32,1.63,1,93.66,1,93.66
2026-06-01,Prospecting | Interest Stacks,Stack | Health & Wellness,AD-009,Video | Omega Freshness Test | Omega,229.56,7790,72,1.94,2,202.48,2,202.48
2026-06-01,Remarketing | DPA | Engagers 30D,Engagers + Visitors 30D,AD-201,DPA | Viewed Product 14D | Dynamic,389.16,12518,286,1.87,13,943.1,4,350.33
2026-06-01,Remarketing | DPA | Engagers 30D,Engagers + Visitors 30D,AD-202,Static | 'Still Thinking It Over?' 10% Offer,260.7,6657,136,1.63,6,430.52,2,177.37
2026-06-01,Remarketing | DPA | Engagers 30D,Engagers + Visitors 30D,AD-203,Video | Reviews Social Proof | All Products,228.18,6944,100,2.06,6,457.33,2,188.75
2026-06-01,Testing | ABO | Weekly Concepts,Testing | Broad 18-65,AD-106,TEST | UGC: Busy Mom AM,115.5,3957,46,1.88,2,193.84,2,193.84
2026-06-01,Testing | ABO | Weekly Concepts,Testing | Broad 18-65,AD-107,TEST | Video: Texture/Mixability,96.28,3122,41,1.7,1,94.84,1,94.84
2026-06-01,Testing | ABO | Weekly Concepts,Testing | Broad 18-65,AD-108,TEST | Static: Founder Quote,94.21,3118,30,1.91,1,95.77,1,95.77
2026-06-01,Testing | ABO | Weekly Concepts,Testing | Broad 18-65,AD-109,TEST | UGC: Skeptic Convert,90.72,2913,29,1.75,1,91.62,1,91.62
2026-06-01,Testing | ABO | Weekly Concepts,Testing | Broad 18-65,AD-110,TEST | Video: 'What's In It' Macro,108.08,3202,30,2.01,1,87.79,1,87.79
2026-06-02,Scaling | ASC | Core Products,ASC | Broad,AD-011,UGC | Morning Routine | Sarah K | Bio-Avail Multi,484.86,14639,175,1.81,10,873.89,9,804.28
2026-06-02,Scaling | ASC | Core Products,ASC | Broad,AD-012,Static | 'One Scoop' Benefit Stack | Multi,426.46,14912,157,1.78,6,536.21,5,462.6
2026-06-02,Scaling | ASC | Core Products,ASC | Broad,AD-014,Video | Founder Story | Chris | Bio-Avail Multi,661.65,17456,277,1.9,18,1620.97,16,1475.44
2026-06-02,Scaling | ASC | Core Products,ASC | Broad,AD-016,UGC | 'I Quit 6 Supplements' | Mark T | Multi,513.26,13956,161,1.69,9,729.89,8,662.07
2026-06-02,Scaling | ASC | Core Products,ASC | Broad,AD-019,Carousel | Ingredient Transparency | Multi,288.29,7704,59,1.66,3,251.12,3,251.12
2026-06-02,Scaling | ASC | Core Products,ASC | Broad,AD-022,Video | Podcast Clip | Energy After 40 | Multi,469.37,13031,154,2.03,9,777.01,8,701.63
2026-06-02,Scaling | ASC | Core Products,ASC | Broad,AD-025,Static | Press + Reviews Mashup | Multi,266.39,7688,58,1.65,3,266.92,3,266.92
2026-06-02,Prospecting | Interest Stacks,Stack | Health & Wellness,AD-005,Static | Organ Meats Without the Taste | Organs,320.53,10213,95,1.69,3,277.52,3,277.52
2026-06-02,Prospecting | Interest Stacks,Stack | Health & Wellness,AD-007,Video | Why Multivitamins Fail | Multi,282.63,7244,78,1.62,4,385.65,4,385.65
2026-06-02,Prospecting | Interest Stacks,Stack | Health & Wellness,AD-008,Static | Clinician-Grade Standard | Brand,153.1,5147,39,1.62,1,87.79,1,87.79
2026-06-02,Prospecting | Interest Stacks,Stack | Health & Wellness,AD-009,Video | Omega Freshness Test | Omega,171.89,4656,41,1.98,2,172.11,2,172.11
2026-06-02,Remarketing | DPA | Engagers 30D,Engagers + Visitors 30D,AD-201,DPA | Viewed Product 14D | Dynamic,362.92,11585,226,2.01,13,1030.35,4,390.69
2026-06-02,Remarketing | DPA | Engagers 30D,Engagers + Visitors 30D,AD-202,Static | 'Still Thinking It Over?' 10% Offer,265.28,7232,149,1.63,9,706.29,3,290.31
2026-06-02,Remarketing | DPA | Engagers 30D,Engagers + Visitors 30D,AD-203,Video | Reviews Social Proof | All Products,190.35,5315,85,1.93,6,434.7,2,169.97
2026-06-02,Testing | ABO | Weekly Concepts,Testing | Broad 18-65,AD-107,TEST | Video: Texture/Mixability,96.78,3345,47,1.92,1,91.15,1,91.15
2026-06-02,Testing | ABO | Weekly Concepts,Testing | Broad 18-65,AD-108,TEST | Static: Founder Quote,96.22,2536,23,1.99,1,108.19,1,108.19
2026-06-02,Testing | ABO | Weekly Concepts,Testing | Broad 18-65,AD-109,TEST | UGC: Skeptic Convert,104.43,3361,45,1.94,2,198.12,2,198.12
2026-06-02,Testing | ABO | Weekly Concepts,Testing | Broad 18-65,AD-110,TEST | Video: 'What's In It' Macro,92.02,3040,24,1.99,1,94.44,1,94.44
2026-06-02,Testing | ABO | Weekly Concepts,Testing | Broad 18-65,AD-111,TEST | Static: Subscription Math,105.88,3047,23,2.07,1,83.23,1,83.23
2026-06-03,Scaling | ASC | Core Products,ASC | Broad,AD-011,UGC | Morning Routine | Sarah K | Bio-Avail Multi,554.72,15300,186,1.76,9,739.53,8,671.11
2026-06-03,Scaling | ASC | Core Products,ASC | Broad,AD-012,Static | 'One Scoop' Benefit Stack | Multi,398.55,10844,88,1.88,7,596.37,6,525.21
2026-06-03,Scaling | ASC | Core Products,ASC | Broad,AD-014,Video | Founder Story | Chris | Bio-Avail Multi,688.76,21541,269,1.9,22,2149.65,20,2010.34
2026-06-03,Scaling | ASC | Core Products,ASC | Broad,AD-016,UGC | 'I Quit 6 Supplements' | Mark T | Multi,433.33,13440,149,1.67,11,954.43,10,886.57
2026-06-03,Scaling | ASC | Core Products,ASC | Broad,AD-019,Carousel | Ingredient Transparency | Multi,326.16,8276,64,1.92,6,561.58,5,488.24
2026-06-03,Scaling | ASC | Core Products,ASC | Broad,AD-022,Video | Podcast Clip | Energy After 40 | Multi,478.1,14434,198,1.93,11,940.47,10,875.9
2026-06-03,Scaling | ASC | Core Products,ASC | Broad,AD-025,Static | Press + Reviews Mashup | Multi,269.04,9104,91,1.68,4,393.3,4,393.3
2026-06-03,Prospecting | Interest Stacks,Stack | Health & Wellness,AD-005,Static | Organ Meats Without the Taste | Organs,271.69,7886,63,1.78,3,299.4,3,299.4
2026-06-03,Prospecting | Interest Stacks,Stack | Health & Wellness,AD-007,Video | Why Multivitamins Fail | Multi,267.55,7785,82,2.07,3,280.22,3,280.22
2026-06-03,Prospecting | Interest Stacks,Stack | Health & Wellness,AD-008,Static | Clinician-Grade Standard | Brand,187.13,6392,52,1.66,2,194.71,2,194.71
2026-06-03,Prospecting | Interest Stacks,Stack | Health & Wellness,AD-009,Video | Omega Freshness Test | Omega,203.12,6965,67,1.86,2,173.4,2,173.4
2026-06-03,Remarketing | DPA | Engagers 30D,Engagers + Visitors 30D,AD-201,DPA | Viewed Product 14D | Dynamic,375.67,11243,260,1.7,13,1007.06,4,367.91
2026-06-03,Remarketing | DPA | Engagers 30D,Engagers + Visitors 30D,AD-202,Static | 'Still Thinking It Over?' 10% Offer,215.02,5520,98,2.04,6,484.73,2,185.27
2026-06-03,Remarketing | DPA | Engagers 30D,Engagers + Visitors 30D,AD-203,Video | Reviews Social Proof | All Products,183.46,5947,92,1.93,6,481.4,2,184.05
2026-06-03,Testing | ABO | Weekly Concepts,Testing | Broad 18-65,AD-107,TEST | Video: Texture/Mixability,96.49,3210,44,1.73,2,183.88,2,183.88
2026-06-03,Testing | ABO | Weekly Concepts,Testing | Broad 18-65,AD-108,TEST | Static: Founder Quote,92.27,2629,20,1.99,1,93.76,1,93.76
2026-06-03,Testing | ABO | Weekly Concepts,Testing | Broad 18-65,AD-109,TEST | UGC: Skeptic Convert,103.18,3426,36,2.09,1,99.68,1,99.68
2026-06-03,Testing | ABO | Weekly Concepts,Testing | Broad 18-65,AD-110,TEST | Video: 'What's In It' Macro,82.71,2635,26,1.94,1,97.57,1,97.57
2026-06-03,Testing | ABO | Weekly Concepts,Testing | Broad 18-65,AD-111,TEST | Static: Subscription Math,103.53,3219,22,1.86,1,93.09,1,93.09
2026-06-04,Scaling | ASC | Core Products,ASC | Broad,AD-011,UGC | Morning Routine | Sarah K | Bio-Avail Multi,494.03,14280,177,2.08,11,966.94,10,895.71
2026-06-04,Scaling | ASC | Core Products,ASC | Broad,AD-012,Static | 'One Scoop' Benefit Stack | Multi,439.6,12193,127,1.91,7,590.85,6,519.57
2026-06-04,Scaling | ASC | Core Products,ASC | Broad,AD-014,Video | Founder Story | Chris | Bio-Avail Multi,582.04,15099,218,1.9,14,1224.09,13,1155.75
2026-06-04,Scaling | ASC | Core Products,ASC | Broad,AD-016,UGC | 'I Quit 6 Supplements' | Mark T | Multi,480.72,16454,186,1.78,8,742.54,7,677.66
2026-06-04,Scaling | ASC | Core Products,ASC | Broad,AD-019,Carousel | Ingredient Transparency | Multi,280.15,7267,63,1.7,4,367.89,4,367.89
2026-06-04,Scaling | ASC | Core Products,ASC | Broad,AD-022,Video | Podcast Clip | Energy After 40 | Multi,417.89,10503,117,1.66,7,623.61,6,551.06
2026-06-04,Scaling | ASC | Core Products,ASC | Broad,AD-025,Static | Press + Reviews Mashup | Multi,249.6,6819,73,1.76,3,266.17,3,266.17
2026-06-04,Prospecting | Interest Stacks,Stack | Health & Wellness,AD-005,Static | Organ Meats Without the Taste | Organs,250.76,6688,62,1.81,3,261.71,3,261.71
2026-06-04,Prospecting | Interest Stacks,Stack | Health & Wellness,AD-007,Video | Why Multivitamins Fail | Multi,232.73,6669,78,1.81,3,289.06,3,289.06
2026-06-04,Prospecting | Interest Stacks,Stack | Health & Wellness,AD-008,Static | Clinician-Grade Standard | Brand,145.3,4189,32,1.87,1,88.03,1,88.03
2026-06-04,Prospecting | Interest Stacks,Stack | Health & Wellness,AD-009,Video | Omega Freshness Test | Omega,189.07,6013,55,1.96,2,197.51,2,197.51
2026-06-04,Remarketing | DPA | Engagers 30D,Engagers + Visitors 30D,AD-201,DPA | Viewed Product 14D | Dynamic,449.6,13495,263,1.63,17,1216.49,5,408.91
2026-06-04,Remarketing | DPA | Engagers 30D,Engagers + Visitors 30D,AD-202,Static | 'Still Thinking It Over?' 10% Offer,246.32,6617,112,1.97,9,678.78,3,286.16
2026-06-04,Remarketing | DPA | Engagers 30D,Engagers + Visitors 30D,AD-203,Video | Reviews Social Proof | All Products,185.5,6318,96,1.64,6,440.61,2,175.5
2026-06-04,Testing | ABO | Weekly Concepts,Testing | Broad 18-65,AD-107,TEST | Video: Texture/Mixability,84.77,2266,31,2.0,1,89.19,1,89.19
2026-06-04,Testing | ABO | Weekly Concepts,Testing | Broad 18-65,AD-108,TEST | Static: Founder Quote,80.97,2428,22,2.04,1,95.17,1,95.17
2026-06-04,Testing | ABO | Weekly Concepts,Testing | Broad 18-65,AD-109,TEST | UGC: Skeptic Convert,78.4,2648,27,2.0,1,93.0,1,93.0
2026-06-04,Testing | ABO | Weekly Concepts,Testing | Broad 18-65,AD-110,TEST | Video: 'What's In It' Macro,83.37,2293,21,1.7,1,93.66,1,93.66
2026-06-04,Testing | ABO | Weekly Concepts,Testing | Broad 18-65,AD-111,TEST | Static: Subscription Math,77.85,2407,16,2.03,1,93.72,1,93.72
2026-06-05,Scaling | ASC | Core Products,ASC | Broad,AD-011,UGC | Morning Routine | Sarah K | Bio-Avail Multi,502.3,13077,165,1.79,10,857.91,9,787.42
2026-06-05,Scaling | ASC | Core Products,ASC | Broad,AD-012,Static | 'One Scoop' Benefit Stack | Multi,398.87,13145,122,1.63,7,628.54,6,558.84
2026-06-05,Scaling | ASC | Core Products,ASC | Broad,AD-014,Video | Founder Story | Chris | Bio-Avail Multi,626.68,16940,238,1.9,26,2354.8,23,2163.87
2026-06-05,Scaling | ASC | Core Products,ASC | Broad,AD-016,UGC | 'I Quit 6 Supplements' | Mark T | Multi,427.18,14646,142,2.01,8,721.34,7,650.34
2026-06-05,Scaling | ASC | Core Products,ASC | Broad,AD-019,Carousel | Ingredient Transparency | Multi,294.74,10272,97,2.02,4,375.53,4,375.53
2026-06-05,Scaling | ASC | Core Products,ASC | Broad,AD-022,Video | Podcast Clip | Energy After 40 | Multi,377.51,12426,156,1.65,10,851.61,9,785.46
2026-06-05,Scaling | ASC | Core Products,ASC | Broad,AD-025,Static | Press + Reviews Mashup | Multi,255.67,8870,78,1.63,3,276.91,3,276.91
2026-06-05,Prospecting | Interest Stacks,Stack | Health & Wellness,AD-005,Static | Organ Meats Without the Taste | Organs,276.28,8825,76,1.75,3,280.01,3,280.01
2026-06-05,Prospecting | Interest Stacks,Stack | Health & Wellness,AD-007,Video | Why Multivitamins Fail | Multi,340.53,9454,100,1.91,4,345.51,4,345.51
2026-06-05,Prospecting | Interest Stacks,Stack | Health & Wellness,AD-008,Static | Clinician-Grade Standard | Brand,179.94,4976,40,2.05,1,88.91,1,88.91
2026-06-05,Prospecting | Interest Stacks,Stack | Health & Wellness,AD-009,Video | Omega Freshness Test | Omega,221.48,6796,65,1.62,2,188.4,2,188.4
2026-06-05,Remarketing | DPA | Engagers 30D,Engagers + Visitors 30D,AD-201,DPA | Viewed Product 14D | Dynamic,395.17,13798,327,1.72,17,1213.33,5,369.36
2026-06-05,Remarketing | DPA | Engagers 30D,Engagers + Visitors 30D,AD-202,Static | 'Still Thinking It Over?' 10% Offer,291.28,9040,123,1.91,9,638.65,3,275.88
2026-06-05,Remarketing | DPA | Engagers 30D,Engagers + Visitors 30D,AD-203,Video | Reviews Social Proof | All Products,194.19,6825,119,1.71,6,449.22,2,167.65
2026-06-05,Testing | ABO | Weekly Concepts,Testing | Broad 18-65,AD-108,TEST | Static: Founder Quote,136.77,3562,27,1.83,1,92.2,1,92.2
2026-06-05,Testing | ABO | Weekly Concepts,Testing | Broad 18-65,AD-109,TEST | UGC: Skeptic Convert,111.44,2945,32,1.83,1,83.45,1,83.45
2026-06-05,Testing | ABO | Weekly Concepts,Testing | Broad 18-65,AD-110,TEST | Video: 'What's In It' Macro,125.03,3215,30,1.86,1,93.33,1,93.33
2026-06-05,Testing | ABO | Weekly Concepts,Testing | Broad 18-65,AD-111,TEST | Static: Subscription Math,124.0,3635,26,1.88,2,178.96,2,178.96
2026-06-06,Scaling | ASC | Core Products,ASC | Broad,AD-011,UGC | Morning Routine | Sarah K | Bio-Avail Multi,531.36,14699,143,1.64,9,815.52,8,744.57
2026-06-06,Scaling | ASC | Core Products,ASC | Broad,AD-012,Static | 'One Scoop' Benefit Stack | Multi,417.42,12679,110,1.78,4,337.44,4,337.44
2026-06-06,Scaling | ASC | Core Products,ASC | Broad,AD-014,Video | Founder Story | Chris | Bio-Avail Multi,789.82,21793,352,1.9,18,1598.46,16,1452.33
2026-06-06,Scaling | ASC | Core Products,ASC | Broad,AD-016,UGC | 'I Quit 6 Supplements' | Mark T | Multi,516.52,14411,152,1.77,8,654.25,7,587.19
2026-06-06,Scaling | ASC | Core Products,ASC | Broad,AD-019,Carousel | Ingredient Transparency | Multi,357.99,11006,84,1.7,4,387.12,4,387.12
2026-06-06,Scaling | ASC | Core Products,ASC | Broad,AD-022,Video | Podcast Clip | Energy After 40 | Multi,441.4,14408,126,2.07,8,795.38,7,732.32
2026-06-06,Scaling | ASC | Core Products,ASC | Broad,AD-025,Static | Press + Reviews Mashup | Multi,267.01,9362,93,1.73,3,278.11,3,278.11
2026-06-06,Prospecting | Interest Stacks,Stack | Health & Wellness,AD-005,Static | Organ Meats Without the Taste | Organs,326.78,9140,67,1.62,3,292.3,3,292.3
2026-06-06,Prospecting | Interest Stacks,Stack | Health & Wellness,AD-007,Video | Why Multivitamins Fail | Multi,236.9,7807,79,1.66,2,167.67,2,167.67
2026-06-06,Prospecting | Interest Stacks,Stack | Health & Wellness,AD-008,Static | Clinician-Grade Standard | Brand,178.1,5046,40,1.84,2,189.45,2,189.45
2026-06-06,Prospecting | Interest Stacks,Stack | Health & Wellness,AD-009,Video | Omega Freshness Test | Omega,205.46,5199,43,1.99,2,182.81,2,182.81
2026-06-06,Remarketing | DPA | Engagers 30D,Engagers + Visitors 30D,AD-201,DPA | Viewed Product 14D | Dynamic,416.03,11865,255,2.08,13,986.48,4,364.55
2026-06-06,Remarketing | DPA | Engagers 30D,Engagers + Visitors 30D,AD-202,Static | 'Still Thinking It Over?' 10% Offer,193.1,5621,95,2.02,6,454.64,2,180.83
2026-06-06,Remarketing | DPA | Engagers 30D,Engagers + Visitors 30D,AD-203,Video | Reviews Social Proof | All Products,182.96,4742,79,1.83,6,460.72,2,189.46
2026-06-06,Testing | ABO | Weekly Concepts,Testing | Broad 18-65,AD-108,TEST | Static: Founder Quote,147.33,4711,40,1.86,2,178.57,2,178.57
2026-06-06,Testing | ABO | Weekly Concepts,Testing | Broad 18-65,AD-109,TEST | UGC: Skeptic Convert,106.33,3165,37,1.75,2,189.0,2,189.0
2026-06-06,Testing | ABO | Weekly Concepts,Testing | Broad 18-65,AD-110,TEST | Video: 'What's In It' Macro,113.45,3000,27,2.01,1,97.32,1,97.32
2026-06-06,Testing | ABO | Weekly Concepts,Testing | Broad 18-65,AD-111,TEST | Static: Subscription Math,124.08,3975,32,1.72,1,93.91,1,93.91
2026-06-07,Scaling | ASC | Core Products,ASC | Broad,AD-011,UGC | Morning Routine | Sarah K | Bio-Avail Multi,529.48,17784,196,1.9,8,705.3,7,639.19
2026-06-07,Scaling | ASC | Core Products,ASC | Broad,AD-012,Static | 'One Scoop' Benefit Stack | Multi,369.37,10310,103,1.78,6,544.69,5,478.08
2026-06-07,Scaling | ASC | Core Products,ASC | Broad,AD-014,Video | Founder Story | Chris | Bio-Avail Multi,665.13,19249,268,1.9,14,1187.59,13,1119.09
2026-06-07,Scaling | ASC | Core Products,ASC | Broad,AD-016,UGC | 'I Quit 6 Supplements' | Mark T | Multi,443.24,13971,169,1.85,11,968.37,10,902.18
2026-06-07,Scaling | ASC | Core Products,ASC | Broad,AD-019,Carousel | Ingredient Transparency | Multi,274.85,8424,66,2.0,3,250.0,3,250.0
2026-06-07,Scaling | ASC | Core Products,ASC | Broad,AD-022,Video | Podcast Clip | Energy After 40 | Multi,376.54,11715,132,1.98,7,621.34,6,551.69
2026-06-07,Scaling | ASC | Core Products,ASC | Broad,AD-025,Static | Press + Reviews Mashup | Multi,280.84,7800,81,1.77,4,367.33,4,367.33
2026-06-07,Prospecting | Interest Stacks,Stack | Health & Wellness,AD-005,Static | Organ Meats Without the Taste | Organs,284.33,7187,61,1.94,3,275.71,3,275.71
2026-06-07,Prospecting | Interest Stacks,Stack | Health & Wellness,AD-007,Video | Why Multivitamins Fail | Multi,333.23,8809,81,2.03,3,267.74,3,267.74
2026-06-07,Prospecting | Interest Stacks,Stack | Health & Wellness,AD-008,Static | Clinician-Grade Standard | Brand,175.88,4703,43,2.03,1,103.98,1,103.98
2026-06-07,Prospecting | Interest Stacks,Stack | Health & Wellness,AD-009,Video | Omega Freshness Test | Omega,210.34,7328,68,1.66,2,196.17,2,196.17
2026-06-07,Remarketing | DPA | Engagers 30D,Engagers + Visitors 30D,AD-201,DPA | Viewed Product 14D | Dynamic,390.63,10135,230,1.67,17,1369.24,5,468.55
2026-06-07,Remarketing | DPA | Engagers 30D,Engagers + Visitors 30D,AD-202,Static | 'Still Thinking It Over?' 10% Offer,288.03,8883,189,1.69,9,701.39,3,292.87
2026-06-07,Remarketing | DPA | Engagers 30D,Engagers + Visitors 30D,AD-203,Video | Reviews Social Proof | All Products,197.6,6448,111,1.74,6,452.05,2,184.47
2026-06-07,Testing | ABO | Weekly Concepts,Testing | Broad 18-65,AD-109,TEST | UGC: Skeptic Convert,150.17,4813,57,1.65,2,190.71,2,190.71
2026-06-07,Testing | ABO | Weekly Concepts,Testing | Broad 18-65,AD-110,TEST | Video: 'What's In It' Macro,169.16,5944,54,1.61,2,186.91,2,186.91
2026-06-07,Testing | ABO | Weekly Concepts,Testing | Broad 18-65,AD-111,TEST | Static: Subscription Math,150.19,5030,38,1.8,2,210.71,2,210.71
2026-06-08,Scaling | ASC | Core Products,ASC | Broad,AD-011,UGC | Morning Routine | Sarah K | Bio-Avail Multi,468.12,11995,146,1.67,9,821.41,8,755.72
2026-06-08,Scaling | ASC | Core Products,ASC | Broad,AD-012,Static | 'One Scoop' Benefit Stack | Multi,396.48,12277,103,1.91,6,546.75,5,477.91
2026-06-08,Scaling | ASC | Core Products,ASC | Broad,AD-014,Video | Founder Story | Chris | Bio-Avail Multi,689.89,23667,341,1.9,12,1137.97,11,1075.9
2026-06-08,Scaling | ASC | Core Products,ASC | Broad,AD-016,UGC | 'I Quit 6 Supplements' | Mark T | Multi,486.58,16551,250,1.63,7,633.65,6,571.53
2026-06-08,Scaling | ASC | Core Products,ASC | Broad,AD-019,Carousel | Ingredient Transparency | Multi,313.75,10572,82,1.92,6,500.23,5,427.87
2026-06-08,Scaling | ASC | Core Products,ASC | Broad,AD-022,Video | Podcast Clip | Energy After 40 | Multi,391.27,9841,117,2.08,11,1043.27,10,977.93
2026-06-08,Scaling | ASC | Core Products,ASC | Broad,AD-025,Static | Press + Reviews Mashup | Multi,250.97,6365,59,1.73,4,364.34,4,364.34
2026-06-08,Prospecting | Interest Stacks,Stack | Health & Wellness,AD-005,Static | Organ Meats Without the Taste | Organs,273.82,8458,70,1.63,2,177.22,2,177.22
2026-06-08,Prospecting | Interest Stacks,Stack | Health & Wellness,AD-007,Video | Why Multivitamins Fail | Multi,299.16,10175,109,1.87,3,269.44,3,269.44
2026-06-08,Prospecting | Interest Stacks,Stack | Health & Wellness,AD-008,Static | Clinician-Grade Standard | Brand,175.39,4442,34,1.72,1,87.66,1,87.66
2026-06-08,Prospecting | Interest Stacks,Stack | Health & Wellness,AD-009,Video | Omega Freshness Test | Omega,216.75,6074,51,1.65,2,183.51,2,183.51
2026-06-08,Remarketing | DPA | Engagers 30D,Engagers + Visitors 30D,AD-201,DPA | Viewed Product 14D | Dynamic,308.97,8429,153,2.0,13,939.44,4,375.64
2026-06-08,Remarketing | DPA | Engagers 30D,Engagers + Visitors 30D,AD-202,Static | 'Still Thinking It Over?' 10% Offer,276.72,9866,162,1.62,6,445.88,2,193.68
2026-06-08,Remarketing | DPA | Engagers 30D,Engagers + Visitors 30D,AD-203,Video | Reviews Social Proof | All Products,213.6,5961,82,2.05,6,444.15,2,189.73
2026-06-08,Testing | ABO | Weekly Concepts,Testing | Broad 18-65,AD-109,TEST | UGC: Skeptic Convert,155.66,4701,44,1.81,2,199.52,2,199.52
2026-06-08,Testing | ABO | Weekly Concepts,Testing | Broad 18-65,AD-110,TEST | Video: 'What's In It' Macro,159.45,4644,41,1.62,2,176.72,2,176.72
2026-06-08,Testing | ABO | Weekly Concepts,Testing | Broad 18-65,AD-111,TEST | Static: Subscription Math,183.32,5167,35,1.73,2,183.45,2,183.45
2026-06-09,Scaling | ASC | Core Products,ASC | Broad,AD-011,UGC | Morning Routine | Sarah K | Bio-Avail Multi,505.01,13481,148,1.81,8,779.02,7,711.35
2026-06-09,Scaling | ASC | Core Products,ASC | Broad,AD-012,Static | 'One Scoop' Benefit Stack | Multi,398.03,11017,102,1.67,8,692.55,7,627.45
2026-06-09,Scaling | ASC | Core Products,ASC | Broad,AD-014,Video | Founder Story | Chris | Bio-Avail Multi,621.99,19088,267,1.94,22,2013.28,20,1872.83
2026-06-09,Scaling | ASC | Core Products,ASC | Broad,AD-016,UGC | 'I Quit 6 Supplements' | Mark T | Multi,450.47,13553,133,1.7,7,643.39,6,574.4
2026-06-09,Scaling | ASC | Core Products,ASC | Broad,AD-019,Carousel | Ingredient Transparency | Multi,285.33,8435,65,1.66,6,493.14,5,427.85
2026-06-09,Scaling | ASC | Core Products,ASC | Broad,AD-022,Video | Podcast Clip | Energy After 40 | Multi,316.95,10321,111,2.01,6,548.69,5,478.23
2026-06-09,Scaling | ASC | Core Products,ASC | Broad,AD-025,Static | Press + Reviews Mashup | Multi,273.13,7654,60,1.88,4,358.58,4,358.58
2026-06-09,Scaling | ASC | Core Products,ASC | Broad,AD-027,UGC | 3-Month Update | Dana R | Multi,358.81,9069,112,2.07,7,608.74,6,543.11
2026-06-09,Prospecting | Interest Stacks,Stack | Health & Wellness,AD-005,Static | Organ Meats Without the Taste | Organs,281.37,7207,61,2.06,4,392.81,4,392.81
2026-06-09,Prospecting | Interest Stacks,Stack | Health & Wellness,AD-007,Video | Why Multivitamins Fail | Multi,266.07,9286,88,1.67,3,296.78,3,296.78
2026-06-09,Prospecting | Interest Stacks,Stack | Health & Wellness,AD-008,Static | Clinician-Grade Standard | Brand,149.09,5261,48,1.62,2,192.9,2,192.9
2026-06-09,Prospecting | Interest Stacks,Stack | Health & Wellness,AD-009,Video | Omega Freshness Test | Omega,186.06,6095,62,1.96,2,182.07,2,182.07
2026-06-09,Remarketing | DPA | Engagers 30D,Engagers + Visitors 30D,AD-201,DPA | Viewed Product 14D | Dynamic,413.26,11899,249,2.02,13,939.41,4,331.57
2026-06-09,Remarketing | DPA | Engagers 30D,Engagers + Visitors 30D,AD-202,Static | 'Still Thinking It Over?' 10% Offer,288.04,7405,162,2.06,9,688.37,3,289.47
2026-06-09,Remarketing | DPA | Engagers 30D,Engagers + Visitors 30D,AD-203,Video | Reviews Social Proof | All Products,184.64,4664,87,1.74,6,433.19,2,176.77
2026-06-09,Testing | ABO | Weekly Concepts,Testing | Broad 18-65,AD-109,TEST | UGC: Skeptic Convert,102.37,2803,31,1.77,1,96.66,1,96.66
2026-06-09,Testing | ABO | Weekly Concepts,Testing | Broad 18-65,AD-110,TEST | Video: 'What's In It' Macro,84.49,2457,26,1.85,1,95.13,1,95.13
2026-06-09,Testing | ABO | Weekly Concepts,Testing | Broad 18-65,AD-111,TEST | Static: Subscription Math,88.43,3016,19,2.03,1,86.64,1,86.64
2026-06-09,Testing | ABO | Weekly Concepts,Testing | Broad 18-65,AD-112,TEST | UGC: Travel Routine,90.66,2727,29,1.72,1,80.76,1,80.76
2026-06-09,Testing | ABO | Weekly Concepts,Testing | Broad 18-65,AD-113,TEST | Video: Blood Panel Story,89.16,2782,24,1.81,2,171.12,2,171.12
2026-06-10,Scaling | ASC | Core Products,ASC | Broad,AD-011,UGC | Morning Routine | Sarah K | Bio-Avail Multi,562.64,15780,197,1.74,9,794.39,8,727.92
2026-06-10,Scaling | ASC | Core Products,ASC | Broad,AD-012,Static | 'One Scoop' Benefit Stack | Multi,388.09,12405,109,1.82,7,659.94,6,594.71
2026-06-10,Scaling | ASC | Core Products,ASC | Broad,AD-014,Video | Founder Story | Chris | Bio-Avail Multi,645.14,21833,244,1.98,22,1913.28,20,1770.12
2026-06-10,Scaling | ASC | Core Products,ASC | Broad,AD-016,UGC | 'I Quit 6 Supplements' | Mark T | Multi,420.07,10889,112,1.95,10,938.9,9,870.19
2026-06-10,Scaling | ASC | Core Products,ASC | Broad,AD-019,Carousel | Ingredient Transparency | Multi,312.8,8122,64,1.75,6,517.56,5,444.32
2026-06-10,Scaling | ASC | Core Products,ASC | Broad,AD-022,Video | Podcast Clip | Energy After 40 | Multi,382.63,12720,153,1.98,8,714.14,7,643.03
2026-06-10,Scaling | ASC | Core Products,ASC | Broad,AD-025,Static | Press + Reviews Mashup | Multi,232.6,6549,64,1.67,3,302.12,3,302.12
2026-06-10,Scaling | ASC | Core Products,ASC | Broad,AD-027,UGC | 3-Month Update | Dana R | Multi,336.9,9713,98,1.68,6,554.77,5,486.88
2026-06-10,Prospecting | Interest Stacks,Stack | Health & Wellness,AD-005,Static | Organ Meats Without the Taste | Organs,271.22,6858,55,1.96,3,302.2,3,302.2
2026-06-10,Prospecting | Interest Stacks,Stack | Health & Wellness,AD-007,Video | Why Multivitamins Fail | Multi,267.4,6793,65,1.82,3,289.09,3,289.09
2026-06-10,Prospecting | Interest Stacks,Stack | Health & Wellness,AD-008,Static | Clinician-Grade Standard | Brand,164.08,5112,36,1.95,2,181.06,2,181.06
2026-06-10,Prospecting | Interest Stacks,Stack | Health & Wellness,AD-009,Video | Omega Freshness Test | Omega,192.02,5865,64,1.66,2,182.15,2,182.15
2026-06-10,Remarketing | DPA | Engagers 30D,Engagers + Visitors 30D,AD-201,DPA | Viewed Product 14D | Dynamic,354.45,10851,225,1.9,17,1356.2,5,499.44
2026-06-10,Remarketing | DPA | Engagers 30D,Engagers + Visitors 30D,AD-202,Static | 'Still Thinking It Over?' 10% Offer,190.51,5006,95,2.06,6,441.74,2,186.61
2026-06-10,Remarketing | DPA | Engagers 30D,Engagers + Visitors 30D,AD-203,Video | Reviews Social Proof | All Products,187.37,5046,76,1.94,6,471.6,2,198.19
2026-06-10,Testing | ABO | Weekly Concepts,Testing | Broad 18-65,AD-109,TEST | UGC: Skeptic Convert,79.41,2164,25,1.84,1,89.46,1,89.46
2026-06-10,Testing | ABO | Weekly Concepts,Testing | Broad 18-65,AD-110,TEST | Video: 'What's In It' Macro,82.18,2370,24,1.73,1,84.24,1,84.24
2026-06-10,Testing | ABO | Weekly Concepts,Testing | Broad 18-65,AD-111,TEST | Static: Subscription Math,96.3,2765,24,2.1,1,94.57,1,94.57
2026-06-10,Testing | ABO | Weekly Concepts,Testing | Broad 18-65,AD-112,TEST | UGC: Travel Routine,101.71,3028,32,1.98,1,85.9,1,85.9
2026-06-10,Testing | ABO | Weekly Concepts,Testing | Broad 18-65,AD-113,TEST | Video: Blood Panel Story,87.75,3106,36,1.93,1,90.02,1,90.02
2026-06-11,Scaling | ASC | Core Products,ASC | Broad,AD-011,UGC | Morning Routine | Sarah K | Bio-Avail Multi,556.93,16722,160,1.61,8,656.82,7,587.52
2026-06-11,Scaling | ASC | Core Products,ASC | Broad,AD-012,Static | 'One Scoop' Benefit Stack | Multi,356.09,9241,85,1.89,6,539.86,5,474.54
2026-06-11,Scaling | ASC | Core Products,ASC | Broad,AD-014,Video | Founder Story | Chris | Bio-Avail Multi,596.35,15929,203,2.02,18,1611.29,16,1472.66
2026-06-11,Scaling | ASC | Core Products,ASC | Broad,AD-016,UGC | 'I Quit 6 Supplements' | Mark T | Multi,418.46,11684,150,1.97,8,741.06,7,670.52
2026-06-11,Scaling | ASC | Core Products,ASC | Broad,AD-019,Carousel | Ingredient Transparency | Multi,326.43,10166,103,1.71,4,368.64,4,368.64
2026-06-11,Scaling | ASC | Core Products,ASC | Broad,AD-022,Video | Podcast Clip | Energy After 40 | Multi,386.23,10594,115,2.1,10,929.87,9,854.26
2026-06-11,Scaling | ASC | Core Products,ASC | Broad,AD-025,Static | Press + Reviews Mashup | Multi,239.4,6485,59,1.85,3,285.62,3,285.62
2026-06-11,Scaling | ASC | Core Products,ASC | Broad,AD-027,UGC | 3-Month Update | Dana R | Multi,345.86,12166,146,2.02,6,547.36,5,471.93
2026-06-11,Prospecting | Interest Stacks,Stack | Health & Wellness,AD-005,Static | Organ Meats Without the Taste | Organs,245.33,8199,71,1.64,2,187.58,2,187.58
2026-06-11,Prospecting | Interest Stacks,Stack | Health & Wellness,AD-007,Video | Why Multivitamins Fail | Multi,358.35,11117,99,1.83,3,286.14,3,286.14
2026-06-11,Prospecting | Interest Stacks,Stack | Health & Wellness,AD-008,Static | Clinician-Grade Standard | Brand,170.88,4827,35,1.85,2,180.04,2,180.04
2026-06-11,Prospecting | Interest Stacks,Stack | Health & Wellness,AD-009,Video | Omega Freshness Test | Omega,196.63,5539,59,1.82,2,175.01,2,175.01
2026-06-11,Remarketing | DPA | Engagers 30D,Engagers + Visitors 30D,AD-201,DPA | Viewed Product 14D | Dynamic,323.46,10733,272,1.97,13,999.27,4,367.34
2026-06-11,Remarketing | DPA | Engagers 30D,Engagers + Visitors 30D,AD-202,Static | 'Still Thinking It Over?' 10% Offer,188.85,6082,127,1.86,6,463.29,2,173.86
2026-06-11,Remarketing | DPA | Engagers 30D,Engagers + Visitors 30D,AD-203,Video | Reviews Social Proof | All Products,171.76,5247,84,1.65,6,461.97,2,187.16
2026-06-11,Testing | ABO | Weekly Concepts,Testing | Broad 18-65,AD-109,TEST | UGC: Skeptic Convert,103.68,3382,42,2.03,1,97.88,1,97.88
2026-06-11,Testing | ABO | Weekly Concepts,Testing | Broad 18-65,AD-110,TEST | Video: 'What's In It' Macro,95.25,2391,22,1.66,1,98.98,1,98.98
2026-06-11,Testing | ABO | Weekly Concepts,Testing | Broad 18-65,AD-111,TEST | Static: Subscription Math,97.43,3114,24,2.0,1,92.6,1,92.6
2026-06-11,Testing | ABO | Weekly Concepts,Testing | Broad 18-65,AD-112,TEST | UGC: Travel Routine,92.19,3030,39,1.89,1,95.54,1,95.54
2026-06-11,Testing | ABO | Weekly Concepts,Testing | Broad 18-65,AD-113,TEST | Video: Blood Panel Story,86.06,2762,32,2.0,2,190.66,2,190.66
2026-06-12,Scaling | ASC | Core Products,ASC | Broad,AD-011,UGC | Morning Routine | Sarah K | Bio-Avail Multi,456.62,14238,162,1.7,6,514.81,5,447.65
2026-06-12,Scaling | ASC | Core Products,ASC | Broad,AD-012,Static | 'One Scoop' Benefit Stack | Multi,389.07,10829,122,1.76,7,604.52,6,536.75
2026-06-12,Scaling | ASC | Core Products,ASC | Broad,AD-014,Video | Founder Story | Chris | Bio-Avail Multi,641.77,16245,231,2.06,16,1355.11,14,1219.4
2026-06-12,Scaling | ASC | Core Products,ASC | Broad,AD-016,UGC | 'I Quit 6 Supplements' | Mark T | Multi,449.54,14472,173,2.02,9,895.2,8,822.81
2026-06-12,Scaling | ASC | Core Products,ASC | Broad,AD-019,Carousel | Ingredient Transparency | Multi,333.36,10467,90,1.78,6,515.69,5,447.32
2026-06-12,Scaling | ASC | Core Products,ASC | Broad,AD-022,Video | Podcast Clip | Energy After 40 | Multi,375.84,13218,148,2.05,8,701.33,7,639.58
2026-06-12,Scaling | ASC | Core Products,ASC | Broad,AD-025,Static | Press + Reviews Mashup | Multi,220.2,6831,64,1.71,3,291.1,3,291.1
2026-06-12,Scaling | ASC | Core Products,ASC | Broad,AD-027,UGC | 3-Month Update | Dana R | Multi,377.37,9748,121,1.63,8,728.68,7,656.22
2026-06-12,Prospecting | Interest Stacks,Stack | Health & Wellness,AD-005,Static | Organ Meats Without the Taste | Organs,214.84,6973,71,1.88,2,197.45,2,197.45
2026-06-12,Prospecting | Interest Stacks,Stack | Health & Wellness,AD-007,Video | Why Multivitamins Fail | Multi,223.01,6486,56,1.68,3,285.54,3,285.54
2026-06-12,Prospecting | Interest Stacks,Stack | Health & Wellness,AD-008,Static | Clinician-Grade Standard | Brand,141.6,3986,35,1.92,1,87.7,1,87.7
2026-06-12,Prospecting | Interest Stacks,Stack | Health & Wellness,AD-009,Video | Omega Freshness Test | Omega,156.8,4817,44,1.8,2,189.87,2,189.87
2026-06-12,Remarketing | DPA | Engagers 30D,Engagers + Visitors 30D,AD-201,DPA | Viewed Product 14D | Dynamic,373.27,10684,234,1.98,13,1022.32,4,391.96
2026-06-12,Remarketing | DPA | Engagers 30D,Engagers + Visitors 30D,AD-202,Static | 'Still Thinking It Over?' 10% Offer,276.91,9827,156,2.09,9,733.33,3,293.83
2026-06-12,Remarketing | DPA | Engagers 30D,Engagers + Visitors 30D,AD-203,Video | Reviews Social Proof | All Products,172.53,6139,107,1.63,3,224.28,1,84.91
2026-06-12,Testing | ABO | Weekly Concepts,Testing | Broad 18-65,AD-109,TEST | UGC: Skeptic Convert,96.57,3090,35,1.61,1,95.97,1,95.97
2026-06-12,Testing | ABO | Weekly Concepts,Testing | Broad 18-65,AD-111,TEST | Static: Subscription Math,95.04,2883,27,2.04,1,97.76,1,97.76
2026-06-12,Testing | ABO | Weekly Concepts,Testing | Broad 18-65,AD-112,TEST | UGC: Travel Routine,95.97,2687,28,1.76,1,96.15,1,96.15
2026-06-12,Testing | ABO | Weekly Concepts,Testing | Broad 18-65,AD-113,TEST | Video: Blood Panel Story,105.36,3137,25,1.89,2,183.47,2,183.47
2026-06-13,Scaling | ASC | Core Products,ASC | Broad,AD-011,UGC | Morning Routine | Sarah K | Bio-Avail Multi,386.84,11877,137,1.96,8,731.32,7,663.04
2026-06-13,Scaling | ASC | Core Products,ASC | Broad,AD-012,Static | 'One Scoop' Benefit Stack | Multi,377.01,10292,96,1.83,4,395.06,4,395.06
2026-06-13,Scaling | ASC | Core Products,ASC | Broad,AD-014,Video | Founder Story | Chris | Bio-Avail Multi,580.42,16743,208,2.1,13,1117.75,11,979.43
2026-06-13,Scaling | ASC | Core Products,ASC | Broad,AD-016,UGC | 'I Quit 6 Supplements' | Mark T | Multi,413.23,12183,135,1.93,7,611.87,6,543.19
2026-06-13,Scaling | ASC | Core Products,ASC | Broad,AD-019,Carousel | Ingredient Transparency | Multi,300.97,8035,66,1.81,3,261.96,3,261.96
2026-06-13,Scaling | ASC | Core Products,ASC | Broad,AD-022,Video | Podcast Clip | Energy After 40 | Multi,378.58,10631,115,1.7,6,545.65,5,479.24
2026-06-13,Scaling | ASC | Core Products,ASC | Broad,AD-025,Static | Press + Reviews Mashup | Multi,220.94,7779,80,1.84,2,182.03,2,182.03
2026-06-13,Scaling | ASC | Core Products,ASC | Broad,AD-027,UGC | 3-Month Update | Dana R | Multi,286.14,8434,72,1.97,4,355.01,4,355.01
2026-06-13,Prospecting | Interest Stacks,Stack | Health & Wellness,AD-005,Static | Organ Meats Without the Taste | Organs,263.41,6618,57,1.92,3,260.14,3,260.14
2026-06-13,Prospecting | Interest Stacks,Stack | Health & Wellness,AD-007,Video | Why Multivitamins Fail | Multi,321.68,11108,144,1.9,3,283.67,3,283.67
2026-06-13,Prospecting | Interest Stacks,Stack | Health & Wellness,AD-008,Static | Clinician-Grade Standard | Brand,172.38,4721,34,1.79,1,84.41,1,84.41
2026-06-13,Prospecting | Interest Stacks,Stack | Health & Wellness,AD-009,Video | Omega Freshness Test | Omega,176.01,5997,57,1.71,2,173.01,2,173.01
2026-06-13,Remarketing | DPA | Engagers 30D,Engagers + Visitors 30D,AD-201,DPA | Viewed Product 14D | Dynamic,348.11,12205,248,1.86,13,1021.29,4,353.83
2026-06-13,Remarketing | DPA | Engagers 30D,Engagers + Visitors 30D,AD-202,Static | 'Still Thinking It Over?' 10% Offer,227.7,7412,133,1.78,6,463.98,2,180.86
2026-06-13,Remarketing | DPA | Engagers 30D,Engagers + Visitors 30D,AD-203,Video | Reviews Social Proof | All Products,214.08,5975,100,1.63,3,215.97,1,87.55
2026-06-13,Testing | ABO | Weekly Concepts,Testing | Broad 18-65,AD-109,TEST | UGC: Skeptic Convert,111.8,3145,43,1.9,2,178.69,2,178.69
2026-06-13,Testing | ABO | Weekly Concepts,Testing | Broad 18-65,AD-111,TEST | Static: Subscription Math,113.69,2906,22,1.66,1,84.39,1,84.39
2026-06-13,Testing | ABO | Weekly Concepts,Testing | Broad 18-65,AD-112,TEST | UGC: Travel Routine,108.71,3417,42,1.95,1,100.59,1,100.59
2026-06-13,Testing | ABO | Weekly Concepts,Testing | Broad 18-65,AD-113,TEST | Video: Blood Panel Story,104.5,2826,30,1.79,1,99.07,1,99.07
2026-06-14,Scaling | ASC | Core Products,ASC | Broad,AD-011,UGC | Morning Routine | Sarah K | Bio-Avail Multi,488.99,13210,146,1.9,9,796.06,8,730.72
2026-06-14,Scaling | ASC | Core Products,ASC | Broad,AD-012,Static | 'One Scoop' Benefit Stack | Multi,420.62,10800,98,1.73,4,401.35,4,401.35
2026-06-14,Scaling | ASC | Core Products,ASC | Broad,AD-014,Video | Founder Story | Chris | Bio-Avail Multi,699.21,19570,283,2.13,15,1308.12,13,1158.77
2026-06-14,Scaling | ASC | Core Products,ASC | Broad,AD-016,UGC | 'I Quit 6 Supplements' | Mark T | Multi,449.31,13242,153,1.95,10,896.34,9,829.23
2026-06-14,Scaling | ASC | Core Products,ASC | Broad,AD-019,Carousel | Ingredient Transparency | Multi,273.87,7486,63,1.96,2,198.9,2,198.9
2026-06-14,Scaling | ASC | Core Products,ASC | Broad,AD-022,Video | Podcast Clip | Energy After 40 | Multi,399.9,11857,137,1.96,6,487.05,5,421.21
2026-06-14,Scaling | ASC | Core Products,ASC | Broad,AD-025,Static | Press + Reviews Mashup | Multi,223.04,6387,55,1.69,3,266.2,3,266.2
2026-06-14,Scaling | ASC | Core Products,ASC | Broad,AD-027,UGC | 3-Month Update | Dana R | Multi,409.07,10971,105,1.88,8,700.49,7,628.82
2026-06-14,Prospecting | Interest Stacks,Stack | Health & Wellness,AD-005,Static | Organ Meats Without the Taste | Organs,263.86,7048,69,1.7,2,191.3,2,191.3
2026-06-14,Prospecting | Interest Stacks,Stack | Health & Wellness,AD-007,Video | Why Multivitamins Fail | Multi,287.1,8075,73,1.76,3,276.61,3,276.61
2026-06-14,Prospecting | Interest Stacks,Stack | Health & Wellness,AD-008,Static | Clinician-Grade Standard | Brand,166.77,4289,31,1.73,1,103.45,1,103.45
2026-06-14,Prospecting | Interest Stacks,Stack | Health & Wellness,AD-009,Video | Omega Freshness Test | Omega,199.74,5412,41,2.03,2,171.74,2,171.74
2026-06-14,Remarketing | DPA | Engagers 30D,Engagers + Visitors 30D,AD-201,DPA | Viewed Product 14D | Dynamic,429.22,14983,315,2.01,17,1322.63,5,448.2
2026-06-14,Remarketing | DPA | Engagers 30D,Engagers + Visitors 30D,AD-202,Static | 'Still Thinking It Over?' 10% Offer,263.64,8526,165,1.96,6,461.75,2,181.01
2026-06-14,Remarketing | DPA | Engagers 30D,Engagers + Visitors 30D,AD-203,Video | Reviews Social Proof | All Products,194.66,4896,91,2.09,6,473.97,2,202.21
2026-06-14,Testing | ABO | Weekly Concepts,Testing | Broad 18-65,AD-109,TEST | UGC: Skeptic Convert,100.67,3274,45,1.6,2,188.45,2,188.45
2026-06-14,Testing | ABO | Weekly Concepts,Testing | Broad 18-65,AD-111,TEST | Static: Subscription Math,93.86,2428,18,1.97,1,89.34,1,89.34
2026-06-14,Testing | ABO | Weekly Concepts,Testing | Broad 18-65,AD-112,TEST | UGC: Travel Routine,92.76,2846,37,2.08,1,91.38,1,91.38
2026-06-14,Testing | ABO | Weekly Concepts,Testing | Broad 18-65,AD-113,TEST | Video: Blood Panel Story,110.63,3336,30,1.78,1,84.48,1,84.48
2026-06-15,Scaling | ASC | Core Products,ASC | Broad,AD-011,UGC | Morning Routine | Sarah K | Bio-Avail Multi,500.66,17786,201,1.69,7,622.47,6,551.0
2026-06-15,Scaling | ASC | Core Products,ASC | Broad,AD-012,Static | 'One Scoop' Benefit Stack | Multi,379.54,11458,119,2.07,6,509.17,5,440.86
2026-06-15,Scaling | ASC | Core Products,ASC | Broad,AD-014,Video | Founder Story | Chris | Bio-Avail Multi,609.27,19824,222,2.17,17,1469.54,15,1330.33
2026-06-15,Scaling | ASC | Core Products,ASC | Broad,AD-016,UGC | 'I Quit 6 Supplements' | Mark T | Multi,434.38,14242,157,2.0,7,690.32,6,620.14
2026-06-15,Scaling | ASC | Core Products,ASC | Broad,AD-019,Carousel | Ingredient Transparency | Multi,295.28,8746,63,1.76,3,272.75,3,272.75
2026-06-15,Scaling | ASC | Core Products,ASC | Broad,AD-022,Video | Podcast Clip | Energy After 40 | Multi,401.99,12552,130,1.84,7,649.53,6,581.63
2026-06-15,Scaling | ASC | Core Products,ASC | Broad,AD-025,Static | Press + Reviews Mashup | Multi,238.58,7635,63,1.63,3,257.32,3,257.32
2026-06-15,Scaling | ASC | Core Products,ASC | Broad,AD-027,UGC | 3-Month Update | Dana R | Multi,364.58,10412,111,2.08,6,514.92,5,447.57
2026-06-15,Prospecting | Interest Stacks,Stack | Health & Wellness,AD-005,Static | Organ Meats Without the Taste | Organs,235.56,6575,59,1.71,2,195.37,2,195.37
2026-06-15,Prospecting | Interest Stacks,Stack | Health & Wellness,AD-007,Video | Why Multivitamins Fail | Multi,297.24,9345,113,2.1,4,385.92,4,385.92
2026-06-15,Prospecting | Interest Stacks,Stack | Health & Wellness,AD-008,Static | Clinician-Grade Standard | Brand,165.1,4992,39,1.67,1,91.13,1,91.13
2026-06-15,Prospecting | Interest Stacks,Stack | Health & Wellness,AD-009,Video | Omega Freshness Test | Omega,224.74,6797,77,1.68,2,197.78,2,197.78
2026-06-15,Remarketing | DPA | Engagers 30D,Engagers + Visitors 30D,AD-201,DPA | Viewed Product 14D | Dynamic,499.39,13592,253,1.98,17,1237.72,5,494.45
2026-06-15,Remarketing | DPA | Engagers 30D,Engagers + Visitors 30D,AD-202,Static | 'Still Thinking It Over?' 10% Offer,319.19,8642,132,2.0,11,823.33,4,357.85
2026-06-15,Remarketing | DPA | Engagers 30D,Engagers + Visitors 30D,AD-203,Video | Reviews Social Proof | All Products,207.58,5956,87,1.82,6,433.99,2,178.0
2026-06-15,Testing | ABO | Weekly Concepts,Testing | Broad 18-65,AD-109,TEST | UGC: Skeptic Convert,111.97,3288,41,1.61,2,181.17,2,181.17
2026-06-15,Testing | ABO | Weekly Concepts,Testing | Broad 18-65,AD-111,TEST | Static: Subscription Math,109.66,2763,19,1.66,1,91.05,1,91.05
2026-06-15,Testing | ABO | Weekly Concepts,Testing | Broad 18-65,AD-112,TEST | UGC: Travel Routine,115.34,4003,45,1.78,1,85.55,1,85.55
2026-06-15,Testing | ABO | Weekly Concepts,Testing | Broad 18-65,AD-113,TEST | Video: Blood Panel Story,105.55,3377,29,1.86,2,188.55,2,188.55
2026-06-16,Scaling | ASC | Core Products,ASC | Broad,AD-011,UGC | Morning Routine | Sarah K | Bio-Avail Multi,500.42,13781,171,1.95,8,766.39,7,693.86
2026-06-16,Scaling | ASC | Core Products,ASC | Broad,AD-012,Static | 'One Scoop' Benefit Stack | Multi,402.68,14135,131,1.87,8,713.16,7,646.53
2026-06-16,Scaling | ASC | Core Products,ASC | Broad,AD-014,Video | Founder Story | Chris | Bio-Avail Multi,620.87,16432,186,2.21,16,1344.24,14,1207.37
2026-06-16,Scaling | ASC | Core Products,ASC | Broad,AD-016,UGC | 'I Quit 6 Supplements' | Mark T | Multi,488.91,16094,169,1.71,8,733.18,7,662.67
2026-06-16,Scaling | ASC | Core Products,ASC | Broad,AD-019,Carousel | Ingredient Transparency | Multi,303.87,10028,101,1.76,4,405.98,4,405.98
2026-06-16,Scaling | ASC | Core Products,ASC | Broad,AD-022,Video | Podcast Clip | Energy After 40 | Multi,343.07,9177,127,1.9,6,550.76,5,485.06
2026-06-16,Scaling | ASC | Core Products,ASC | Broad,AD-025,Static | Press + Reviews Mashup | Multi,260.46,7146,67,1.74,4,330.26,4,330.26
2026-06-16,Scaling | ASC | Core Products,ASC | Broad,AD-027,UGC | 3-Month Update | Dana R | Multi,358.42,10179,109,1.99,6,548.67,5,487.99
2026-06-16,Prospecting | Interest Stacks,Stack | Health & Wellness,AD-005,Static | Organ Meats Without the Taste | Organs,255.32,6564,65,1.82,3,274.14,3,274.14
2026-06-16,Prospecting | Interest Stacks,Stack | Health & Wellness,AD-007,Video | Why Multivitamins Fail | Multi,312.33,8988,86,1.61,3,275.42,3,275.42
2026-06-16,Prospecting | Interest Stacks,Stack | Health & Wellness,AD-008,Static | Clinician-Grade Standard | Brand,152.78,3915,30,2.03,1,86.17,1,86.17
2026-06-16,Prospecting | Interest Stacks,Stack | Health & Wellness,AD-009,Video | Omega Freshness Test | Omega,201.19,5692,48,1.93,2,193.74,2,193.74
2026-06-16,Remarketing | DPA | Engagers 30D,Engagers + Visitors 30D,AD-201,DPA | Viewed Product 14D | Dynamic,409.25,10893,241,2.06,13,1035.45,4,386.68
2026-06-16,Remarketing | DPA | Engagers 30D,Engagers + Visitors 30D,AD-202,Static | 'Still Thinking It Over?' 10% Offer,267.81,9006,165,2.01,6,434.21,2,180.72
2026-06-16,Remarketing | DPA | Engagers 30D,Engagers + Visitors 30D,AD-203,Video | Reviews Social Proof | All Products,207.74,6205,106,1.92,6,455.54,2,188.81
2026-06-16,Testing | ABO | Weekly Concepts,Testing | Broad 18-65,AD-109,TEST | UGC: Skeptic Convert,80.64,2732,32,1.99,1,90.07,1,90.07
2026-06-16,Testing | ABO | Weekly Concepts,Testing | Broad 18-65,AD-111,TEST | Static: Subscription Math,104.83,3486,38,1.76,1,85.87,1,85.87
2026-06-16,Testing | ABO | Weekly Concepts,Testing | Broad 18-65,AD-112,TEST | UGC: Travel Routine,79.75,2437,27,1.62,1,94.64,1,94.64
2026-06-16,Testing | ABO | Weekly Concepts,Testing | Broad 18-65,AD-113,TEST | Video: Blood Panel Story,88.81,2681,27,1.74,1,100.67,1,100.67
2026-06-16,Testing | ABO | Weekly Concepts,Testing | Broad 18-65,AD-114,TEST | Static: Award Badge,87.24,2443,20,2.05,1,93.02,1,93.02
2026-06-17,Scaling | ASC | Core Products,ASC | Broad,AD-011,UGC | Morning Routine | Sarah K | Bio-Avail Multi,504.32,15874,185,1.63,7,671.22,6,603.7
2026-06-17,Scaling | ASC | Core Products,ASC | Broad,AD-012,Static | 'One Scoop' Benefit Stack | Multi,400.17,13387,148,1.62,7,632.04,6,564.4
2026-06-17,Scaling | ASC | Core Products,ASC | Broad,AD-014,Video | Founder Story | Chris | Bio-Avail Multi,687.73,21962,276,2.25,14,1255.41,12,1118.01
2026-06-17,Scaling | ASC | Core Products,ASC | Broad,AD-016,UGC | 'I Quit 6 Supplements' | Mark T | Multi,475.5,16341,164,1.69,7,602.04,6,537.59
2026-06-17,Scaling | ASC | Core Products,ASC | Broad,AD-019,Carousel | Ingredient Transparency | Multi,327.64,9514,91,2.02,3,273.42,3,273.42
2026-06-17,Scaling | ASC | Core Products,ASC | Broad,AD-022,Video | Podcast Clip | Energy After 40 | Multi,430.52,13367,169,1.81,8,692.61,7,627.33
2026-06-17,Scaling | ASC | Core Products,ASC | Broad,AD-025,Static | Press + Reviews Mashup | Multi,279.09,8067,72,1.99,3,260.86,3,260.86
2026-06-17,Scaling | ASC | Core Products,ASC | Broad,AD-027,UGC | 3-Month Update | Dana R | Multi,340.9,9248,88,1.71,6,523.14,5,458.05
2026-06-17,Prospecting | Interest Stacks,Stack | Health & Wellness,AD-005,Static | Organ Meats Without the Taste | Organs,261.83,7659,62,1.76,2,172.74,2,172.74
2026-06-17,Prospecting | Interest Stacks,Stack | Health & Wellness,AD-007,Video | Why Multivitamins Fail | Multi,271.32,7297,82,1.71,2,177.87,2,177.87
2026-06-17,Prospecting | Interest Stacks,Stack | Health & Wellness,AD-008,Static | Clinician-Grade Standard | Brand,192.69,5000,45,1.7,1,97.2,1,97.2
2026-06-17,Prospecting | Interest Stacks,Stack | Health & Wellness,AD-009,Video | Omega Freshness Test | Omega,211.71,5724,58,1.85,1,93.99,1,93.99
2026-06-17,Remarketing | DPA | Engagers 30D,Engagers + Visitors 30D,AD-201,DPA | Viewed Product 14D | Dynamic,360.67,9858,204,1.92,13,1027.85,4,362.41
2026-06-17,Remarketing | DPA | Engagers 30D,Engagers + Visitors 30D,AD-202,Static | 'Still Thinking It Over?' 10% Offer,245.3,6290,114,1.71,9,691.58,3,292.06
2026-06-17,Remarketing | DPA | Engagers 30D,Engagers + Visitors 30D,AD-203,Video | Reviews Social Proof | All Products,203.72,5705,100,1.93,6,468.2,2,188.39
2026-06-17,Testing | ABO | Weekly Concepts,Testing | Broad 18-65,AD-111,TEST | Static: Subscription Math,104.21,2833,21,1.87,1,90.84,1,90.84
2026-06-17,Testing | ABO | Weekly Concepts,Testing | Broad 18-65,AD-112,TEST | UGC: Travel Routine,128.44,3304,43,1.62,1,85.09,1,85.09
2026-06-17,Testing | ABO | Weekly Concepts,Testing | Broad 18-65,AD-113,TEST | Video: Blood Panel Story,113.47,3766,38,1.9,2,176.34,2,176.34
2026-06-17,Testing | ABO | Weekly Concepts,Testing | Broad 18-65,AD-114,TEST | Static: Award Badge,120.83,3860,36,1.84,1,92.23,1,92.23
2026-06-18,Scaling | ASC | Core Products,ASC | Broad,AD-011,UGC | Morning Routine | Sarah K | Bio-Avail Multi,475.59,15256,174,2.0,7,623.11,6,561.01
2026-06-18,Scaling | ASC | Core Products,ASC | Broad,AD-012,Static | 'One Scoop' Benefit Stack | Multi,376.48,10195,113,2.05,6,530.46,5,464.08
2026-06-18,Scaling | ASC | Core Products,ASC | Broad,AD-014,Video | Founder Story | Chris | Bio-Avail Multi,647.78,21408,234,2.29,14,1099.9,12,971.36
2026-06-18,Scaling | ASC | Core Products,ASC | Broad,AD-016,UGC | 'I Quit 6 Supplements' | Mark T | Multi,504.82,14421,182,1.91,9,784.08,8,719.52
2026-06-18,Scaling | ASC | Core Products,ASC | Broad,AD-019,Carousel | Ingredient Transparency | Multi,328.12,8534,69,1.86,6,529.11,5,456.41
2026-06-18,Scaling | ASC | Core Products,ASC | Broad,AD-022,Video | Podcast Clip | Energy After 40 | Multi,457.16,15237,164,1.83,7,638.05,6,570.72
2026-06-18,Scaling | ASC | Core Products,ASC | Broad,AD-025,Static | Press + Reviews Mashup | Multi,250.51,8540,87,1.69,3,283.45,3,283.45
2026-06-18,Scaling | ASC | Core Products,ASC | Broad,AD-027,UGC | 3-Month Update | Dana R | Multi,389.72,10290,115,1.85,7,592.68,6,524.18
2026-06-18,Prospecting | Interest Stacks,Stack | Health & Wellness,AD-005,Static | Organ Meats Without the Taste | Organs,222.47,7025,59,1.88,2,195.72,2,195.72
2026-06-18,Prospecting | Interest Stacks,Stack | Health & Wellness,AD-007,Video | Why Multivitamins Fail | Multi,276.97,8770,102,1.94,3,285.64,3,285.64
2026-06-18,Prospecting | Interest Stacks,Stack | Health & Wellness,AD-008,Static | Clinician-Grade Standard | Brand,147.87,3818,26,2.03,1,83.78,1,83.78
2026-06-18,Prospecting | Interest Stacks,Stack | Health & Wellness,AD-009,Video | Omega Freshness Test | Omega,188.74,6636,65,2.04,1,97.16,1,97.16
2026-06-18,Remarketing | DPA | Engagers 30D,Engagers + Visitors 30D,AD-201,DPA | Viewed Product 14D | Dynamic,428.39,15242,282,1.78,13,978.34,4,354.54
2026-06-18,Remarketing | DPA | Engagers 30D,Engagers + Visitors 30D,AD-202,Static | 'Still Thinking It Over?' 10% Offer,252.38,6613,126,1.73,9,674.01,3,265.65
2026-06-18,Remarketing | DPA | Engagers 30D,Engagers + Visitors 30D,AD-203,Video | Reviews Social Proof | All Products,213.87,6038,90,2.1,9,643.45,3,272.26
2026-06-18,Testing | ABO | Weekly Concepts,Testing | Broad 18-65,AD-111,TEST | Static: Subscription Math,87.05,2755,19,2.04,1,96.35,1,96.35
2026-06-18,Testing | ABO | Weekly Concepts,Testing | Broad 18-65,AD-112,TEST | UGC: Travel Routine,97.74,2801,31,1.86,1,92.99,1,92.99
2026-06-18,Testing | ABO | Weekly Concepts,Testing | Broad 18-65,AD-113,TEST | Video: Blood Panel Story,113.52,3049,24,2.05,2,180.98,2,180.98
2026-06-18,Testing | ABO | Weekly Concepts,Testing | Broad 18-65,AD-114,TEST | Static: Award Badge,118.14,3261,36,1.75,1,87.6,1,87.6
2026-06-19,Scaling | ASC | Core Products,ASC | Broad,AD-011,UGC | Morning Routine | Sarah K | Bio-Avail Multi,532.53,18579,196,1.81,8,725.45,7,661.13
2026-06-19,Scaling | ASC | Core Products,ASC | Broad,AD-012,Static | 'One Scoop' Benefit Stack | Multi,418.56,10831,116,1.95,7,612.71,6,552.21
2026-06-19,Scaling | ASC | Core Products,ASC | Broad,AD-014,Video | Founder Story | Chris | Bio-Avail Multi,628.06,19339,222,2.33,15,1419.34,13,1287.19
2026-06-19,Scaling | ASC | Core Products,ASC | Broad,AD-016,UGC | 'I Quit 6 Supplements' | Mark T | Multi,451.19,15685,169,1.73,9,775.58,8,707.17
2026-06-19,Scaling | ASC | Core Products,ASC | Broad,AD-019,Carousel | Ingredient Transparency | Multi,328.17,10734,92,1.62,4,371.59,4,371.59
2026-06-19,Scaling | ASC | Core Products,ASC | Broad,AD-022,Video | Podcast Clip | Energy After 40 | Multi,401.41,10061,128,1.81,6,524.57,5,464.18
2026-06-19,Scaling | ASC | Core Products,ASC | Broad,AD-025,Static | Press + Reviews Mashup | Multi,252.06,7082,64,1.78,2,180.43,2,180.43
2026-06-19,Scaling | ASC | Core Products,ASC | Broad,AD-027,UGC | 3-Month Update | Dana R | Multi,383.48,11165,122,1.83,4,364.26,4,364.26
2026-06-19,Prospecting | Interest Stacks,Stack | Health & Wellness,AD-005,Static | Organ Meats Without the Taste | Organs,207.72,5436,48,1.83,2,168.24,2,168.24
2026-06-19,Prospecting | Interest Stacks,Stack | Health & Wellness,AD-007,Video | Why Multivitamins Fail | Multi,211.58,7455,71,1.78,2,177.44,2,177.44
2026-06-19,Prospecting | Interest Stacks,Stack | Health & Wellness,AD-008,Static | Clinician-Grade Standard | Brand,141.66,3731,30,1.76,1,93.39,1,93.39
2026-06-19,Prospecting | Interest Stacks,Stack | Health & Wellness,AD-009,Video | Omega Freshness Test | Omega,190.29,5743,55,1.92,2,170.68,2,170.68
2026-06-19,Remarketing | DPA | Engagers 30D,Engagers + Visitors 30D,AD-201,DPA | Viewed Product 14D | Dynamic,430.75,13009,317,1.99,13,1006.3,4,375.83
2026-06-19,Remarketing | DPA | Engagers 30D,Engagers + Visitors 30D,AD-202,Static | 'Still Thinking It Over?' 10% Offer,318.33,9572,148,1.98,11,862.75,4,375.84
2026-06-19,Remarketing | DPA | Engagers 30D,Engagers + Visitors 30D,AD-203,Video | Reviews Social Proof | All Products,267.0,9077,146,1.8,6,446.97,2,180.39
2026-06-19,Testing | ABO | Weekly Concepts,Testing | Broad 18-65,AD-111,TEST | Static: Subscription Math,97.15,2564,19,1.72,1,94.19,1,94.19
2026-06-19,Testing | ABO | Weekly Concepts,Testing | Broad 18-65,AD-112,TEST | UGC: Travel Routine,114.72,3425,43,1.85,1,90.99,1,90.99
2026-06-19,Testing | ABO | Weekly Concepts,Testing | Broad 18-65,AD-113,TEST | Video: Blood Panel Story,104.53,3323,28,1.92,1,90.39,1,90.39
2026-06-19,Testing | ABO | Weekly Concepts,Testing | Broad 18-65,AD-114,TEST | Static: Award Badge,96.65,2484,27,1.81,1,80.79,1,80.79
2026-06-20,Scaling | ASC | Core Products,ASC | Broad,AD-011,UGC | Morning Routine | Sarah K | Bio-Avail Multi,496.77,15833,180,1.73,7,658.31,6,590.38
2026-06-20,Scaling | ASC | Core Products,ASC | Broad,AD-012,Static | 'One Scoop' Benefit Stack | Multi,418.04,14603,116,1.95,6,520.07,5,449.59
2026-06-20,Scaling | ASC | Core Products,ASC | Broad,AD-014,Video | Founder Story | Chris | Bio-Avail Multi,576.19,14972,159,2.37,13,1151.18,11,1018.01
2026-06-20,Scaling | ASC | Core Products,ASC | Broad,AD-016,UGC | 'I Quit 6 Supplements' | Mark T | Multi,429.64,13200,130,1.71,6,550.65,5,481.78
2026-06-20,Scaling | ASC | Core Products,ASC | Broad,AD-019,Carousel | Ingredient Transparency | Multi,255.31,7507,60,1.96,3,273.7,3,273.7
2026-06-20,Scaling | ASC | Core Products,ASC | Broad,AD-022,Video | Podcast Clip | Energy After 40 | Multi,444.33,13648,157,2.04,8,690.26,7,627.32
2026-06-20,Scaling | ASC | Core Products,ASC | Broad,AD-025,Static | Press + Reviews Mashup | Multi,226.88,6261,54,1.71,3,286.52,3,286.52
2026-06-20,Scaling | ASC | Core Products,ASC | Broad,AD-027,UGC | 3-Month Update | Dana R | Multi,330.94,9087,101,1.89,4,338.23,4,338.23
2026-06-20,Prospecting | Interest Stacks,Stack | Health & Wellness,AD-005,Static | Organ Meats Without the Taste | Organs,269.87,7542,63,1.83,2,183.6,2,183.6
2026-06-20,Prospecting | Interest Stacks,Stack | Health & Wellness,AD-007,Video | Why Multivitamins Fail | Multi,291.21,9785,96,2.0,3,258.21,3,258.21
2026-06-20,Prospecting | Interest Stacks,Stack | Health & Wellness,AD-008,Static | Clinician-Grade Standard | Brand,171.86,4876,41,1.95,1,83.73,1,83.73
2026-06-20,Prospecting | Interest Stacks,Stack | Health & Wellness,AD-009,Video | Omega Freshness Test | Omega,171.06,5478,57,2.04,1,87.04,1,87.04
2026-06-20,Remarketing | DPA | Engagers 30D,Engagers + Visitors 30D,AD-201,DPA | Viewed Product 14D | Dynamic,417.89,11468,226,1.71,10,770.9,3,268.62
2026-06-20,Remarketing | DPA | Engagers 30D,Engagers + Visitors 30D,AD-202,Static | 'Still Thinking It Over?' 10% Offer,270.61,8912,198,2.0,6,482.17,2,195.71
2026-06-20,Remarketing | DPA | Engagers 30D,Engagers + Visitors 30D,AD-203,Video | Reviews Social Proof | All Products,195.42,5747,130,1.66,3,222.87,1,91.06
2026-06-20,Testing | ABO | Weekly Concepts,Testing | Broad 18-65,AD-111,TEST | Static: Subscription Math,103.42,3626,28,1.62,1,88.63,1,88.63
2026-06-20,Testing | ABO | Weekly Concepts,Testing | Broad 18-65,AD-112,TEST | UGC: Travel Routine,111.98,2824,30,1.99,1,89.86,1,89.86
2026-06-20,Testing | ABO | Weekly Concepts,Testing | Broad 18-65,AD-113,TEST | Video: Blood Panel Story,116.53,3605,31,1.63,1,89.76,1,89.76
2026-06-20,Testing | ABO | Weekly Concepts,Testing | Broad 18-65,AD-114,TEST | Static: Award Badge,105.42,3605,33,2.06,1,90.13,1,90.13
2026-06-21,Scaling | ASC | Core Products,ASC | Broad,AD-011,UGC | Morning Routine | Sarah K | Bio-Avail Multi,442.27,13689,174,1.75,8,687.42,7,621.83
2026-06-21,Scaling | ASC | Core Products,ASC | Broad,AD-012,Static | 'One Scoop' Benefit Stack | Multi,337.41,8891,83,1.91,3,258.54,3,258.54
2026-06-21,Scaling | ASC | Core Products,ASC | Broad,AD-014,Video | Founder Story | Chris | Bio-Avail Multi,628.48,16195,220,2.41,12,1131.63,10,991.14
2026-06-21,Scaling | ASC | Core Products,ASC | Broad,AD-016,UGC | 'I Quit 6 Supplements' | Mark T | Multi,381.8,11664,116,1.93,4,396.8,4,396.8
2026-06-21,Scaling | ASC | Core Products,ASC | Broad,AD-019,Carousel | Ingredient Transparency | Multi,302.61,10785,96,1.82,3,283.95,3,283.95
2026-06-21,Scaling | ASC | Core Products,ASC | Broad,AD-022,Video | Podcast Clip | Energy After 40 | Multi,383.38,12106,158,1.91,7,581.44,6,517.3
2026-06-21,Scaling | ASC | Core Products,ASC | Broad,AD-025,Static | Press + Reviews Mashup | Multi,218.93,6038,55,1.78,2,183.88,2,183.88
2026-06-21,Scaling | ASC | Core Products,ASC | Broad,AD-027,UGC | 3-Month Update | Dana R | Multi,316.61,8149,86,1.74,3,277.85,3,277.85
2026-06-21,Prospecting | Interest Stacks,Stack | Health & Wellness,AD-005,Static | Organ Meats Without the Taste | Organs,254.05,8174,76,1.78,2,186.27,2,186.27
2026-06-21,Prospecting | Interest Stacks,Stack | Health & Wellness,AD-007,Video | Why Multivitamins Fail | Multi,299.73,10014,113,1.96,2,174.08,2,174.08
2026-06-21,Prospecting | Interest Stacks,Stack | Health & Wellness,AD-008,Static | Clinician-Grade Standard | Brand,149.52,5017,38,1.92,1,91.15,1,91.15
2026-06-21,Prospecting | Interest Stacks,Stack | Health & Wellness,AD-009,Video | Omega Freshness Test | Omega,173.92,4478,46,2.08,1,90.38,1,90.38
2026-06-21,Remarketing | DPA | Engagers 30D,Engagers + Visitors 30D,AD-201,DPA | Viewed Product 14D | Dynamic,370.63,9421,175,1.7,10,775.48,3,263.88
2026-06-21,Remarketing | DPA | Engagers 30D,Engagers + Visitors 30D,AD-202,Static | 'Still Thinking It Over?' 10% Offer,233.47,7280,129,1.63,3,227.9,1,85.93
2026-06-21,Remarketing | DPA | Engagers 30D,Engagers + Visitors 30D,AD-203,Video | Reviews Social Proof | All Products,169.71,5415,92,2.05,3,217.33,1,87.8
2026-06-21,Testing | ABO | Weekly Concepts,Testing | Broad 18-65,AD-111,TEST | Static: Subscription Math,111.66,2820,20,1.89,1,98.64,1,98.64
2026-06-21,Testing | ABO | Weekly Concepts,Testing | Broad 18-65,AD-112,TEST | UGC: Travel Routine,127.17,3482,36,1.98,1,95.15,1,95.15
2026-06-21,Testing | ABO | Weekly Concepts,Testing | Broad 18-65,AD-113,TEST | Video: Blood Panel Story,128.77,4161,47,1.81,1,94.58,1,94.58
2026-06-21,Testing | ABO | Weekly Concepts,Testing | Broad 18-65,AD-114,TEST | Static: Award Badge,106.79,3298,32,1.9,1,92.05,1,92.05
2026-06-22,Scaling | ASC | Core Products,ASC | Broad,AD-011,UGC | Morning Routine | Sarah K | Bio-Avail Multi,462.4,12154,148,1.64,8,667.59,7,597.55
2026-06-22,Scaling | ASC | Core Products,ASC | Broad,AD-012,Static | 'One Scoop' Benefit Stack | Multi,413.18,11294,90,1.7,6,511.83,5,443.24
2026-06-22,Scaling | ASC | Core Products,ASC | Broad,AD-014,Video | Founder Story | Chris | Bio-Avail Multi,639.14,17541,179,2.45,12,1007.64,10,874.07
2026-06-22,Scaling | ASC | Core Products,ASC | Broad,AD-016,UGC | 'I Quit 6 Supplements' | Mark T | Multi,400.63,11204,113,2.04,8,713.8,7,642.09
2026-06-22,Scaling | ASC | Core Products,ASC | Broad,AD-019,Carousel | Ingredient Transparency | Multi,290.11,8803,74,1.66,4,360.51,4,360.51
2026-06-22,Scaling | ASC | Core Products,ASC | Broad,AD-022,Video | Podcast Clip | Energy After 40 | Multi,368.16,9246,120,1.82,7,659.81,6,595.62
2026-06-22,Scaling | ASC | Core Products,ASC | Broad,AD-025,Static | Press + Reviews Mashup | Multi,218.21,6166,48,1.71,3,275.94,3,275.94
2026-06-22,Scaling | ASC | Core Products,ASC | Broad,AD-027,UGC | 3-Month Update | Dana R | Multi,333.3,9933,103,1.69,4,382.94,4,382.94
2026-06-22,Prospecting | Interest Stacks,Stack | Health & Wellness,AD-005,Static | Organ Meats Without the Taste | Organs,274.27,9480,79,2.03,2,190.95,2,190.95
2026-06-22,Prospecting | Interest Stacks,Stack | Health & Wellness,AD-007,Video | Why Multivitamins Fail | Multi,283.93,7734,83,1.97,3,273.77,3,273.77
2026-06-22,Prospecting | Interest Stacks,Stack | Health & Wellness,AD-008,Static | Clinician-Grade Standard | Brand,174.67,5536,42,1.9,1,103.06,1,103.06
2026-06-22,Prospecting | Interest Stacks,Stack | Health & Wellness,AD-009,Video | Omega Freshness Test | Omega,243.26,7601,71,1.89,2,184.14,2,184.14
2026-06-22,Remarketing | DPA | Engagers 30D,Engagers + Visitors 30D,AD-201,DPA | Viewed Product 14D | Dynamic,423.67,13127,301,2.07,13,978.58,4,388.62
2026-06-22,Remarketing | DPA | Engagers 30D,Engagers + Visitors 30D,AD-202,Static | 'Still Thinking It Over?' 10% Offer,235.41,6260,121,2.05,6,471.26,2,188.93
2026-06-22,Remarketing | DPA | Engagers 30D,Engagers + Visitors 30D,AD-203,Video | Reviews Social Proof | All Products,187.35,5876,102,1.98,3,235.09,1,90.12
2026-06-22,Testing | ABO | Weekly Concepts,Testing | Broad 18-65,AD-111,TEST | Static: Subscription Math,117.78,3864,29,1.73,1,91.36,1,91.36
2026-06-22,Testing | ABO | Weekly Concepts,Testing | Broad 18-65,AD-112,TEST | UGC: Travel Routine,109.0,3071,30,2.04,1,87.11,1,87.11
2026-06-22,Testing | ABO | Weekly Concepts,Testing | Broad 18-65,AD-113,TEST | Video: Blood Panel Story,95.83,2766,23,1.8,2,184.7,2,184.7
2026-06-22,Testing | ABO | Weekly Concepts,Testing | Broad 18-65,AD-114,TEST | Static: Award Badge,101.08,3321,31,2.09,1,89.23,1,89.23
2026-06-23,Scaling | ASC | Core Products,ASC | Broad,AD-011,UGC | Morning Routine | Sarah K | Bio-Avail Multi,470.29,13245,139,2.05,8,716.48,7,648.73
2026-06-23,Scaling | ASC | Core Products,ASC | Broad,AD-012,Static | 'One Scoop' Benefit Stack | Multi,407.57,14347,138,1.85,6,588.72,5,525.35
2026-06-23,Scaling | ASC | Core Products,ASC | Broad,AD-014,Video | Founder Story | Chris | Bio-Avail Multi,635.51,16635,164,2.49,15,1325.23,12,1117.8
2026-06-23,Scaling | ASC | Core Products,ASC | Broad,AD-016,UGC | 'I Quit 6 Supplements' | Mark T | Multi,508.97,16724,187,1.82,7,620.09,6,554.74
2026-06-23,Scaling | ASC | Core Products,ASC | Broad,AD-019,Carousel | Ingredient Transparency | Multi,302.81,9239,66,1.79,3,259.58,3,259.58
2026-06-23,Scaling | ASC | Core Products,ASC | Broad,AD-022,Video | Podcast Clip | Energy After 40 | Multi,449.47,12738,178,1.93,7,658.16,6,594.96
2026-06-23,Scaling | ASC | Core Products,ASC | Broad,AD-025,Static | Press + Reviews Mashup | Multi,271.88,8569,82,2.01,4,385.23,4,385.23
2026-06-23,Scaling | ASC | Core Products,ASC | Broad,AD-027,UGC | 3-Month Update | Dana R | Multi,362.39,12098,143,1.95,6,542.49,5,479.8
2026-06-23,Prospecting | Interest Stacks,Stack | Health & Wellness,AD-005,Static | Organ Meats Without the Taste | Organs,224.82,7667,64,2.05,2,191.09,2,191.09
2026-06-23,Prospecting | Interest Stacks,Stack | Health & Wellness,AD-007,Video | Why Multivitamins Fail | Multi,267.63,6701,61,2.08,3,290.19,3,290.19
2026-06-23,Prospecting | Interest Stacks,Stack | Health & Wellness,AD-008,Static | Clinician-Grade Standard | Brand,179.67,6276,45,1.8,1,89.14,1,89.14
2026-06-23,Prospecting | Interest Stacks,Stack | Health & Wellness,AD-009,Video | Omega Freshness Test | Omega,220.61,5930,52,1.7,2,189.07,2,189.07
2026-06-23,Remarketing | DPA | Engagers 30D,Engagers + Visitors 30D,AD-201,DPA | Viewed Product 14D | Dynamic,415.55,10598,255,2.08,20,1460.35,6,571.91
2026-06-23,Remarketing | DPA | Engagers 30D,Engagers + Visitors 30D,AD-202,Static | 'Still Thinking It Over?' 10% Offer,272.02,7409,132,2.09,9,746.52,3,284.65
2026-06-23,Remarketing | DPA | Engagers 30D,Engagers + Visitors 30D,AD-203,Video | Reviews Social Proof | All Products,189.38,5624,82,1.76,3,234.93,1,91.7
2026-06-23,Testing | ABO | Weekly Concepts,Testing | Broad 18-65,AD-111,TEST | Static: Subscription Math,96.86,3008,35,2.06,1,92.46,1,92.46
2026-06-23,Testing | ABO | Weekly Concepts,Testing | Broad 18-65,AD-112,TEST | UGC: Travel Routine,88.74,2832,33,1.94,1,97.92,1,97.92
2026-06-23,Testing | ABO | Weekly Concepts,Testing | Broad 18-65,AD-113,TEST | Video: Blood Panel Story,84.78,2289,17,1.83,1,96.84,1,96.84
2026-06-23,Testing | ABO | Weekly Concepts,Testing | Broad 18-65,AD-114,TEST | Static: Award Badge,87.42,2749,25,2.05,1,95.41,1,95.41
2026-06-23,Testing | ABO | Weekly Concepts,Testing | Broad 18-65,AD-115,TEST | UGC: Couple Routine,97.52,3079,27,2.04,1,96.34,1,96.34
2026-06-24,Scaling | ASC | Core Products,ASC | Broad,AD-011,UGC | Morning Routine | Sarah K | Bio-Avail Multi,529.54,14550,190,1.71,10,865.29,9,800.01
2026-06-24,Scaling | ASC | Core Products,ASC | Broad,AD-012,Static | 'One Scoop' Benefit Stack | Multi,373.61,10669,108,1.64,6,506.82,5,436.48
2026-06-24,Scaling | ASC | Core Products,ASC | Broad,AD-014,Video | Founder Story | Chris | Bio-Avail Multi,640.25,21366,264,2.52,15,1350.72,12,1159.44
2026-06-24,Scaling | ASC | Core Products,ASC | Broad,AD-016,UGC | 'I Quit 6 Supplements' | Mark T | Multi,423.29,14256,163,1.91,8,724.16,7,656.76
2026-06-24,Scaling | ASC | Core Products,ASC | Broad,AD-019,Carousel | Ingredient Transparency | Multi,268.67,7831,60,1.7,3,252.96,3,252.96
2026-06-24,Scaling | ASC | Core Products,ASC | Broad,AD-022,Video | Podcast Clip | Energy After 40 | Multi,373.96,11058,118,2.05,8,790.17,7,718.41
2026-06-24,Scaling | ASC | Core Products,ASC | Broad,AD-025,Static | Press + Reviews Mashup | Multi,236.86,8055,69,1.77,3,266.25,3,266.25
2026-06-24,Scaling | ASC | Core Products,ASC | Broad,AD-027,UGC | 3-Month Update | Dana R | Multi,329.74,8990,94,1.89,6,530.07,5,455.53
2026-06-24,Prospecting | Interest Stacks,Stack | Health & Wellness,AD-005,Static | Organ Meats Without the Taste | Organs,225.59,7504,65,1.76,2,200.91,2,200.91
2026-06-24,Prospecting | Interest Stacks,Stack | Health & Wellness,AD-007,Video | Why Multivitamins Fail | Multi,300.68,9051,109,1.93,3,268.4,3,268.4
2026-06-24,Prospecting | Interest Stacks,Stack | Health & Wellness,AD-008,Static | Clinician-Grade Standard | Brand,162.69,4088,27,1.98,1,93.71,1,93.71
2026-06-24,Prospecting | Interest Stacks,Stack | Health & Wellness,AD-009,Video | Omega Freshness Test | Omega,207.74,5480,51,2.07,1,92.35,1,92.35
2026-06-24,Remarketing | DPA | Engagers 30D,Engagers + Visitors 30D,AD-201,DPA | Viewed Product 14D | Dynamic,453.02,14366,272,1.92,13,954.85,4,375.59
2026-06-24,Remarketing | DPA | Engagers 30D,Engagers + Visitors 30D,AD-202,Static | 'Still Thinking It Over?' 10% Offer,276.56,8818,140,1.65,6,473.13,2,175.87
2026-06-24,Remarketing | DPA | Engagers 30D,Engagers + Visitors 30D,AD-203,Video | Reviews Social Proof | All Products,243.53,7904,113,2.0,6,463.19,2,184.97
2026-06-24,Testing | ABO | Weekly Concepts,Testing | Broad 18-65,AD-111,TEST | Static: Subscription Math,91.27,2439,18,1.98,1,93.07,1,93.07
2026-06-24,Testing | ABO | Weekly Concepts,Testing | Broad 18-65,AD-112,TEST | UGC: Travel Routine,90.91,2853,34,1.75,1,92.7,1,92.7
2026-06-24,Testing | ABO | Weekly Concepts,Testing | Broad 18-65,AD-113,TEST | Video: Blood Panel Story,91.1,2428,19,1.66,1,92.86,1,92.86
2026-06-24,Testing | ABO | Weekly Concepts,Testing | Broad 18-65,AD-114,TEST | Static: Award Badge,88.29,2239,21,1.64,1,94.68,1,94.68
2026-06-24,Testing | ABO | Weekly Concepts,Testing | Broad 18-65,AD-115,TEST | UGC: Couple Routine,90.87,2383,20,1.93,1,92.6,1,92.6
2026-06-25,Scaling | ASC | Core Products,ASC | Broad,AD-011,UGC | Morning Routine | Sarah K | Bio-Avail Multi,563.83,14986,184,1.82,10,925.28,9,847.24
2026-06-25,Scaling | ASC | Core Products,ASC | Broad,AD-012,Static | 'One Scoop' Benefit Stack | Multi,425.71,13573,116,1.82,6,546.07,5,476.67
2026-06-25,Scaling | ASC | Core Products,ASC | Broad,AD-014,Video | Founder Story | Chris | Bio-Avail Multi,680.21,17872,192,2.56,16,1441.34,13,1247.35
2026-06-25,Scaling | ASC | Core Products,ASC | Broad,AD-016,UGC | 'I Quit 6 Supplements' | Mark T | Multi,484.64,14752,159,2.07,10,879.48,9,810.87
2026-06-25,Scaling | ASC | Core Products,ASC | Broad,AD-019,Carousel | Ingredient Transparency | Multi,319.09,11366,94,1.88,3,270.0,3,270.0
2026-06-25,Scaling | ASC | Core Products,ASC | Broad,AD-022,Video | Podcast Clip | Energy After 40 | Multi,386.35,11091,115,1.74,8,670.23,7,600.06
2026-06-25,Scaling | ASC | Core Products,ASC | Broad,AD-025,Static | Press + Reviews Mashup | Multi,243.24,6154,56,1.85,3,265.09,3,265.09
2026-06-25,Scaling | ASC | Core Products,ASC | Broad,AD-027,UGC | 3-Month Update | Dana R | Multi,367.77,10386,142,1.65,7,639.08,6,571.57
2026-06-25,Prospecting | Interest Stacks,Stack | Health & Wellness,AD-005,Static | Organ Meats Without the Taste | Organs,239.02,6462,55,1.95,2,186.2,2,186.2
2026-06-25,Prospecting | Interest Stacks,Stack | Health & Wellness,AD-007,Video | Why Multivitamins Fail | Multi,269.64,8763,111,1.97,3,294.17,3,294.17
2026-06-25,Prospecting | Interest Stacks,Stack | Health & Wellness,AD-008,Static | Clinician-Grade Standard | Brand,165.74,5216,45,1.6,1,91.86,1,91.86
2026-06-25,Prospecting | Interest Stacks,Stack | Health & Wellness,AD-009,Video | Omega Freshness Test | Omega,168.07,4676,39,1.97,1,88.2,1,88.2
2026-06-25,Remarketing | DPA | Engagers 30D,Engagers + Visitors 30D,AD-201,DPA | Viewed Product 14D | Dynamic,417.18,11322,220,1.94,10,768.22,3,247.44
2026-06-25,Remarketing | DPA | Engagers 30D,Engagers + Visitors 30D,AD-202,Static | 'Still Thinking It Over?' 10% Offer,337.46,10410,181,1.81,9,681.87,3,268.99
2026-06-25,Remarketing | DPA | Engagers 30D,Engagers + Visitors 30D,AD-203,Video | Reviews Social Proof | All Products,214.02,5687,96,2.07,3,226.93,1,94.1
2026-06-25,Testing | ABO | Weekly Concepts,Testing | Broad 18-65,AD-111,TEST | Static: Subscription Math,101.31,2893,19,1.68,1,92.13,1,92.13
2026-06-25,Testing | ABO | Weekly Concepts,Testing | Broad 18-65,AD-112,TEST | UGC: Travel Routine,77.53,2331,25,1.67,1,93.54,1,93.54
2026-06-25,Testing | ABO | Weekly Concepts,Testing | Broad 18-65,AD-113,TEST | Video: Blood Panel Story,102.79,3553,31,1.83,1,90.97,1,90.97
2026-06-25,Testing | ABO | Weekly Concepts,Testing | Broad 18-65,AD-114,TEST | Static: Award Badge,94.27,3295,33,1.87,1,95.61,1,95.61
2026-06-25,Testing | ABO | Weekly Concepts,Testing | Broad 18-65,AD-115,TEST | UGC: Couple Routine,99.5,3197,28,1.97,1,95.49,1,95.49
2026-06-26,Scaling | ASC | Core Products,ASC | Broad,AD-011,UGC | Morning Routine | Sarah K | Bio-Avail Multi,490.04,14060,173,1.92,7,597.59,6,527.32
2026-06-26,Scaling | ASC | Core Products,ASC | Broad,AD-012,Static | 'One Scoop' Benefit Stack | Multi,352.97,9762,102,1.7,6,533.41,5,466.67
2026-06-26,Scaling | ASC | Core Products,ASC | Broad,AD-014,Video | Founder Story | Chris | Bio-Avail Multi,598.69,17554,200,2.6,12,1073.99,10,925.75
2026-06-26,Scaling | ASC | Core Products,ASC | Broad,AD-016,UGC | 'I Quit 6 Supplements' | Mark T | Multi,447.9,13693,140,1.73,7,631.56,6,560.61
2026-06-26,Scaling | ASC | Core Products,ASC | Broad,AD-019,Carousel | Ingredient Transparency | Multi,287.98,9039,76,1.76,3,295.07,3,295.07
2026-06-26,Scaling | ASC | Core Products,ASC | Broad,AD-022,Video | Podcast Clip | Energy After 40 | Multi,369.35,9377,129,1.76,8,677.83,7,602.64
2026-06-26,Scaling | ASC | Core Products,ASC | Broad,AD-025,Static | Press + Reviews Mashup | Multi,246.14,7079,67,1.85,3,280.59,3,280.59
2026-06-26,Scaling | ASC | Core Products,ASC | Broad,AD-027,UGC | 3-Month Update | Dana R | Multi,302.41,8428,89,1.64,4,344.09,4,344.09
2026-06-26,Prospecting | Interest Stacks,Stack | Health & Wellness,AD-005,Static | Organ Meats Without the Taste | Organs,277.34,9187,80,2.09,3,281.65,3,281.65
2026-06-26,Prospecting | Interest Stacks,Stack | Health & Wellness,AD-007,Video | Why Multivitamins Fail | Multi,300.66,10147,87,1.95,3,305.7,3,305.7
2026-06-26,Prospecting | Interest Stacks,Stack | Health & Wellness,AD-008,Static | Clinician-Grade Standard | Brand,176.57,5681,43,1.99,2,184.78,2,184.78
2026-06-26,Prospecting | Interest Stacks,Stack | Health & Wellness,AD-009,Video | Omega Freshness Test | Omega,203.58,5427,44,1.62,2,203.9,2,203.9
2026-06-26,Remarketing | DPA | Engagers 30D,Engagers + Visitors 30D,AD-201,DPA | Viewed Product 14D | Dynamic,428.46,14038,360,1.87,20,1528.35,6,574.68
2026-06-26,Remarketing | DPA | Engagers 30D,Engagers + Visitors 30D,AD-202,Static | 'Still Thinking It Over?' 10% Offer,300.23,9323,149,1.62,9,651.1,3,272.0
2026-06-26,Remarketing | DPA | Engagers 30D,Engagers + Visitors 30D,AD-203,Video | Reviews Social Proof | All Products,220.77,7276,115,1.61,6,463.31,2,178.41
2026-06-26,Testing | ABO | Weekly Concepts,Testing | Broad 18-65,AD-111,TEST | Static: Subscription Math,85.62,2512,20,1.98,1,87.87,1,87.87
2026-06-26,Testing | ABO | Weekly Concepts,Testing | Broad 18-65,AD-113,TEST | Video: Blood Panel Story,96.88,2818,25,1.71,2,182.22,2,182.22
2026-06-26,Testing | ABO | Weekly Concepts,Testing | Broad 18-65,AD-114,TEST | Static: Award Badge,105.69,2824,27,1.77,1,89.39,1,89.39
2026-06-26,Testing | ABO | Weekly Concepts,Testing | Broad 18-65,AD-115,TEST | UGC: Couple Routine,118.05,3596,32,1.88,1,90.81,1,90.81
2026-06-27,Scaling | ASC | Core Products,ASC | Broad,AD-011,UGC | Morning Routine | Sarah K | Bio-Avail Multi,514.15,13548,157,1.99,9,812.49,8,743.65
2026-06-27,Scaling | ASC | Core Products,ASC | Broad,AD-012,Static | 'One Scoop' Benefit Stack | Multi,426.92,12146,104,1.7,4,385.23,4,385.23
2026-06-27,Scaling | ASC | Core Products,ASC | Broad,AD-014,Video | Founder Story | Chris | Bio-Avail Multi,683.39,17164,175,2.64,13,1061.13,10,866.06
2026-06-27,Scaling | ASC | Core Products,ASC | Broad,AD-016,UGC | 'I Quit 6 Supplements' | Mark T | Multi,497.08,13766,140,1.98,6,532.22,5,470.59
2026-06-27,Scaling | ASC | Core Products,ASC | Broad,AD-019,Carousel | Ingredient Transparency | Multi,302.6,10125,71,1.9,3,299.58,3,299.58
2026-06-27,Scaling | ASC | Core Products,ASC | Broad,AD-022,Video | Podcast Clip | Energy After 40 | Multi,378.63,11854,126,1.93,6,559.21,5,489.14
2026-06-27,Scaling | ASC | Core Products,ASC | Broad,AD-025,Static | Press + Reviews Mashup | Multi,258.22,7354,61,1.88,2,184.72,2,184.72
2026-06-27,Scaling | ASC | Core Products,ASC | Broad,AD-027,UGC | 3-Month Update | Dana R | Multi,378.49,12815,151,1.74,6,522.89,5,453.51
2026-06-27,Prospecting | Interest Stacks,Stack | Health & Wellness,AD-005,Static | Organ Meats Without the Taste | Organs,254.42,6717,52,2.04,3,258.12,3,258.12
2026-06-27,Prospecting | Interest Stacks,Stack | Health & Wellness,AD-007,Video | Why Multivitamins Fail | Multi,273.91,7302,70,2.03,2,184.88,2,184.88
2026-06-27,Prospecting | Interest Stacks,Stack | Health & Wellness,AD-008,Static | Clinician-Grade Standard | Brand,175.45,4550,34,1.97,1,98.22,1,98.22
2026-06-27,Prospecting | Interest Stacks,Stack | Health & Wellness,AD-009,Video | Omega Freshness Test | Omega,220.84,6370,58,1.63,1,91.15,1,91.15
2026-06-27,Remarketing | DPA | Engagers 30D,Engagers + Visitors 30D,AD-201,DPA | Viewed Product 14D | Dynamic,487.21,13409,263,1.69,17,1308.45,5,465.01
2026-06-27,Remarketing | DPA | Engagers 30D,Engagers + Visitors 30D,AD-202,Static | 'Still Thinking It Over?' 10% Offer,294.0,7795,166,1.9,6,446.75,2,167.87
2026-06-27,Remarketing | DPA | Engagers 30D,Engagers + Visitors 30D,AD-203,Video | Reviews Social Proof | All Products,210.47,5984,94,1.67,3,237.91,1,91.54
2026-06-27,Testing | ABO | Weekly Concepts,Testing | Broad 18-65,AD-111,TEST | Static: Subscription Math,102.09,3127,22,1.71,1,94.97,1,94.97
2026-06-27,Testing | ABO | Weekly Concepts,Testing | Broad 18-65,AD-113,TEST | Video: Blood Panel Story,109.43,3332,32,1.8,1,80.76,1,80.76
2026-06-27,Testing | ABO | Weekly Concepts,Testing | Broad 18-65,AD-114,TEST | Static: Award Badge,117.47,3046,31,1.75,1,99.2,1,99.2
2026-06-27,Testing | ABO | Weekly Concepts,Testing | Broad 18-65,AD-115,TEST | UGC: Couple Routine,111.64,3283,29,1.61,1,85.98,1,85.98
2026-06-28,Scaling | ASC | Core Products,ASC | Broad,AD-011,UGC | Morning Routine | Sarah K | Bio-Avail Multi,534.4,14434,208,1.95,8,669.28,7,603.16
2026-06-28,Scaling | ASC | Core Products,ASC | Broad,AD-012,Static | 'One Scoop' Benefit Stack | Multi,392.49,13039,120,1.76,4,359.85,4,359.85
2026-06-28,Scaling | ASC | Core Products,ASC | Broad,AD-014,Video | Founder Story | Chris | Bio-Avail Multi,691.7,21035,249,2.68,10,814.63,8,686.64
2026-06-28,Scaling | ASC | Core Products,ASC | Broad,AD-016,UGC | 'I Quit 6 Supplements' | Mark T | Multi,455.26,13851,145,1.91,7,634.44,6,568.04
2026-06-28,Scaling | ASC | Core Products,ASC | Broad,AD-019,Carousel | Ingredient Transparency | Multi,290.61,8826,84,1.97,3,265.98,3,265.98
2026-06-28,Scaling | ASC | Core Products,ASC | Broad,AD-022,Video | Podcast Clip | Energy After 40 | Multi,385.88,9755,117,1.97,4,412.63,4,412.63
2026-06-28,Scaling | ASC | Core Products,ASC | Broad,AD-025,Static | Press + Reviews Mashup | Multi,246.27,6529,66,2.08,2,186.95,2,186.95
2026-06-28,Scaling | ASC | Core Products,ASC | Broad,AD-027,UGC | 3-Month Update | Dana R | Multi,373.2,12691,146,1.67,4,363.41,4,363.41
2026-06-28,Prospecting | Interest Stacks,Stack | Health & Wellness,AD-005,Static | Organ Meats Without the Taste | Organs,299.01,10002,91,1.82,2,170.48,2,170.48
2026-06-28,Prospecting | Interest Stacks,Stack | Health & Wellness,AD-007,Video | Why Multivitamins Fail | Multi,277.05,7679,81,1.79,2,164.91,2,164.91
2026-06-28,Prospecting | Interest Stacks,Stack | Health & Wellness,AD-008,Static | Clinician-Grade Standard | Brand,176.91,5100,41,1.95,1,92.25,1,92.25
2026-06-28,Prospecting | Interest Stacks,Stack | Health & Wellness,AD-009,Video | Omega Freshness Test | Omega,200.8,5230,51,1.87,2,177.8,2,177.8
2026-06-28,Remarketing | DPA | Engagers 30D,Engagers + Visitors 30D,AD-201,DPA | Viewed Product 14D | Dynamic,452.76,12369,259,2.06,13,991.91,4,386.09
2026-06-28,Remarketing | DPA | Engagers 30D,Engagers + Visitors 30D,AD-202,Static | 'Still Thinking It Over?' 10% Offer,258.63,6993,133,1.9,6,460.64,2,186.78
2026-06-28,Remarketing | DPA | Engagers 30D,Engagers + Visitors 30D,AD-203,Video | Reviews Social Proof | All Products,217.51,7324,92,1.69,3,241.6,1,93.98
2026-06-28,Testing | ABO | Weekly Concepts,Testing | Broad 18-65,AD-113,TEST | Video: Blood Panel Story,148.82,3867,41,1.92,2,187.25,2,187.25
2026-06-28,Testing | ABO | Weekly Concepts,Testing | Broad 18-65,AD-114,TEST | Static: Award Badge,185.36,5361,54,1.66,1,95.6,1,95.6
2026-06-28,Testing | ABO | Weekly Concepts,Testing | Broad 18-65,AD-115,TEST | UGC: Couple Routine,163.46,4118,40,1.75,1,90.8,1,90.8
2026-06-29,Scaling | ASC | Core Products,ASC | Broad,AD-011,UGC | Morning Routine | Sarah K | Bio-Avail Multi,495.26,12730,154,2.1,10,877.32,9,809.62
2026-06-29,Scaling | ASC | Core Products,ASC | Broad,AD-012,Static | 'One Scoop' Benefit Stack | Multi,373.7,12908,132,1.61,6,521.33,5,453.67
2026-06-29,Scaling | ASC | Core Products,ASC | Broad,AD-014,Video | Founder Story | Chris | Bio-Avail Multi,713.47,18384,204,2.72,11,981.93,9,856.85
2026-06-29,Scaling | ASC | Core Products,ASC | Broad,AD-016,UGC | 'I Quit 6 Supplements' | Mark T | Multi,460.4,13046,127,1.78,6,529.69,5,463.08
2026-06-29,Scaling | ASC | Core Products,ASC | Broad,AD-019,Carousel | Ingredient Transparency | Multi,274.7,9449,72,1.8,3,287.3,3,287.3
2026-06-29,Scaling | ASC | Core Products,ASC | Broad,AD-022,Video | Podcast Clip | Energy After 40 | Multi,451.21,11297,140,1.92,10,950.28,9,880.69
2026-06-29,Scaling | ASC | Core Products,ASC | Broad,AD-025,Static | Press + Reviews Mashup | Multi,234.76,7737,60,1.99,2,192.88,2,192.88
2026-06-29,Scaling | ASC | Core Products,ASC | Broad,AD-027,UGC | 3-Month Update | Dana R | Multi,328.87,10322,111,1.71,4,407.67,4,407.67
2026-06-29,Prospecting | Interest Stacks,Stack | Health & Wellness,AD-005,Static | Organ Meats Without the Taste | Organs,295.66,9231,93,1.62,3,251.28,3,251.28
2026-06-29,Prospecting | Interest Stacks,Stack | Health & Wellness,AD-007,Video | Why Multivitamins Fail | Multi,302.9,9709,86,1.65,3,265.2,3,265.2
2026-06-29,Prospecting | Interest Stacks,Stack | Health & Wellness,AD-008,Static | Clinician-Grade Standard | Brand,182.46,5949,46,1.71,2,182.53,2,182.53
2026-06-29,Prospecting | Interest Stacks,Stack | Health & Wellness,AD-009,Video | Omega Freshness Test | Omega,246.43,7196,75,1.76,2,190.66,2,190.66
2026-06-29,Remarketing | DPA | Engagers 30D,Engagers + Visitors 30D,AD-201,DPA | Viewed Product 14D | Dynamic,501.47,15392,296,2.01,23,1609.77,7,596.67
2026-06-29,Remarketing | DPA | Engagers 30D,Engagers + Visitors 30D,AD-202,Static | 'Still Thinking It Over?' 10% Offer,325.73,10907,216,2.02,6,427.13,2,179.46
2026-06-29,Remarketing | DPA | Engagers 30D,Engagers + Visitors 30D,AD-203,Video | Reviews Social Proof | All Products,248.54,7722,134,2.04,6,462.41,2,182.54
2026-06-29,Testing | ABO | Weekly Concepts,Testing | Broad 18-65,AD-113,TEST | Video: Blood Panel Story,152.27,4136,40,1.65,2,186.89,2,186.89
2026-06-29,Testing | ABO | Weekly Concepts,Testing | Broad 18-65,AD-114,TEST | Static: Award Badge,163.72,5150,48,1.91,1,96.18,1,96.18
2026-06-29,Testing | ABO | Weekly Concepts,Testing | Broad 18-65,AD-115,TEST | UGC: Couple Routine,143.08,3907,36,1.62,1,98.43,1,98.43
2026-06-30,Scaling | ASC | Core Products,ASC | Broad,AD-011,UGC | Morning Routine | Sarah K | Bio-Avail Multi,351.41,8858,119,1.86,4,401.69,4,401.69
2026-06-30,Scaling | ASC | Core Products,ASC | Broad,AD-012,Static | 'One Scoop' Benefit Stack | Multi,333.98,10468,113,1.8,6,500.96,5,429.96
2026-06-30,Scaling | ASC | Core Products,ASC | Broad,AD-014,Video | Founder Story | Chris | Bio-Avail Multi,844.13,28619,275,2.76,20,1713.87,16,1458.8
2026-06-30,Scaling | ASC | Core Products,ASC | Broad,AD-016,UGC | 'I Quit 6 Supplements' | Mark T | Multi,380.56,9800,92,1.68,9,840.77,8,773.9
2026-06-30,Scaling | ASC | Core Products,ASC | Broad,AD-019,Carousel | Ingredient Transparency | Multi,251.95,8628,75,1.81,2,183.35,2,183.35
2026-06-30,Scaling | ASC | Core Products,ASC | Broad,AD-022,Video | Podcast Clip | Energy After 40 | Multi,314.53,8489,104,1.9,4,357.18,4,357.18
2026-06-30,Scaling | ASC | Core Products,ASC | Broad,AD-025,Static | Press + Reviews Mashup | Multi,218.34,7338,68,1.84,3,267.1,3,267.1
2026-06-30,Scaling | ASC | Core Products,ASC | Broad,AD-027,UGC | 3-Month Update | Dana R | Multi,277.89,8329,71,2.08,4,395.19,4,395.19
2026-06-30,Prospecting | Interest Stacks,Stack | Health & Wellness,AD-005,Static | Organ Meats Without the Taste | Organs,234.23,5953,52,1.97,2,174.0,2,174.0
2026-06-30,Prospecting | Interest Stacks,Stack | Health & Wellness,AD-007,Video | Why Multivitamins Fail | Multi,270.79,6784,72,2.09,2,162.11,2,162.11
2026-06-30,Prospecting | Interest Stacks,Stack | Health & Wellness,AD-008,Static | Clinician-Grade Standard | Brand,201.66,7053,56,1.94,2,182.17,2,182.17
2026-06-30,Prospecting | Interest Stacks,Stack | Health & Wellness,AD-009,Video | Omega Freshness Test | Omega,208.95,5570,56,1.63,2,204.69,2,204.69
2026-06-30,Remarketing | DPA | Engagers 30D,Engagers + Visitors 30D,AD-201,DPA | Viewed Product 14D | Dynamic,428.17,10830,236,1.99,17,1381.52,5,461.15
2026-06-30,Remarketing | DPA | Engagers 30D,Engagers + Visitors 30D,AD-202,Static | 'Still Thinking It Over?' 10% Offer,348.62,10768,231,1.84,6,455.9,2,197.05
2026-06-30,Remarketing | DPA | Engagers 30D,Engagers + Visitors 30D,AD-203,Video | Reviews Social Proof | All Products,222.94,5881,86,1.99,6,454.38,2,184.9
2026-06-30,Testing | ABO | Weekly Concepts,Testing | Broad 18-65,AD-113,TEST | Video: Blood Panel Story,207.84,5699,45,1.66,2,175.55,2,175.55
2026-06-30,Testing | ABO | Weekly Concepts,Testing | Broad 18-65,AD-114,TEST | Static: Award Badge,163.7,4255,38,2.05,1,94.99,1,94.99
2026-06-30,Testing | ABO | Weekly Concepts,Testing | Broad 18-65,AD-115,TEST | UGC: Couple Routine,174.88,4569,35,1.62,1,96.26,1,96.26
2026-07-01,Scaling | ASC | Core Products,ASC | Broad,AD-011,UGC | Morning Routine | Sarah K | Bio-Avail Multi,359.42,10616,128,1.69,7,602.87,6,536.32
2026-07-01,Scaling | ASC | Core Products,ASC | Broad,AD-012,Static | 'One Scoop' Benefit Stack | Multi,283.72,7389,65,1.8,3,272.29,3,272.29
2026-07-01,Scaling | ASC | Core Products,ASC | Broad,AD-014,Video | Founder Story | Chris | Bio-Avail Multi,1109.01,30954,294,2.8,21,1666.06,16,1351.75
2026-07-01,Scaling | ASC | Core Products,ASC | Broad,AD-016,UGC | 'I Quit 6 Supplements' | Mark T | Multi,315.81,9403,86,1.61,4,343.69,4,343.69
2026-07-01,Scaling | ASC | Core Products,ASC | Broad,AD-019,Carousel | Ingredient Transparency | Multi,252.73,8139,80,1.88,3,265.71,3,265.71
2026-07-01,Scaling | ASC | Core Products,ASC | Broad,AD-022,Video | Podcast Clip | Energy After 40 | Multi,289.38,9928,103,1.99,6,527.18,5,457.3
2026-07-01,Scaling | ASC | Core Products,ASC | Broad,AD-025,Static | Press + Reviews Mashup | Multi,206.53,6030,59,1.87,2,172.24,2,172.24
2026-07-01,Scaling | ASC | Core Products,ASC | Broad,AD-027,UGC | 3-Month Update | Dana R | Multi,269.02,7497,68,1.91,3,282.57,3,282.57
2026-07-01,Prospecting | Interest Stacks,Stack | Health & Wellness,AD-005,Static | Organ Meats Without the Taste | Organs,248.11,6523,63,1.6,2,176.66,2,176.66
2026-07-01,Prospecting | Interest Stacks,Stack | Health & Wellness,AD-007,Video | Why Multivitamins Fail | Multi,303.31,10727,105,1.95,3,262.42,3,262.42
2026-07-01,Prospecting | Interest Stacks,Stack | Health & Wellness,AD-008,Static | Clinician-Grade Standard | Brand,180.3,4530,35,1.76,2,189.56,2,189.56
2026-07-01,Prospecting | Interest Stacks,Stack | Health & Wellness,AD-009,Video | Omega Freshness Test | Omega,187.1,5478,54,1.92,2,174.3,2,174.3
2026-07-01,Remarketing | DPA | Engagers 30D,Engagers + Visitors 30D,AD-201,DPA | Viewed Product 14D | Dynamic,457.79,15780,311,2.04,20,1538.39,6,532.11
2026-07-01,Remarketing | DPA | Engagers 30D,Engagers + Visitors 30D,AD-202,Static | 'Still Thinking It Over?' 10% Offer,331.47,10349,195,1.69,9,702.66,3,270.88
2026-07-01,Remarketing | DPA | Engagers 30D,Engagers + Visitors 30D,AD-203,Video | Reviews Social Proof | All Products,242.51,7095,119,1.84,6,482.22,2,207.02
2026-07-01,Testing | ABO | Weekly Concepts,Testing | Broad 18-65,AD-113,TEST | Video: Blood Panel Story,164.38,5383,41,1.88,2,193.91,2,193.91
2026-07-01,Testing | ABO | Weekly Concepts,Testing | Broad 18-65,AD-114,TEST | Static: Award Badge,140.48,3904,35,1.93,1,96.12,1,96.12
2026-07-01,Testing | ABO | Weekly Concepts,Testing | Broad 18-65,AD-115,TEST | UGC: Couple Routine,127.7,4325,30,1.84,1,85.81,1,85.81
2026-07-02,Scaling | ASC | Core Products,ASC | Broad,AD-011,UGC | Morning Routine | Sarah K | Bio-Avail Multi,416.21,11297,125,1.8,9,786.05,8,719.02
2026-07-02,Scaling | ASC | Core Products,ASC | Broad,AD-012,Static | 'One Scoop' Benefit Stack | Multi,336.07,9533,86,1.7,4,356.04,4,356.04
2026-07-02,Scaling | ASC | Core Products,ASC | Broad,AD-014,Video | Founder Story | Chris | Bio-Avail Multi,1523.54,49995,431,2.84,39,3377.53,30,2780.75
2026-07-02,Scaling | ASC | Core Products,ASC | Broad,AD-016,UGC | 'I Quit 6 Supplements' | Mark T | Multi,394.55,11532,115,1.98,7,595.12,6,531.13
2026-07-02,Scaling | ASC | Core Products,ASC | Broad,AD-019,Carousel | Ingredient Transparency | Multi,254.59,8110,71,1.96,3,304.64,3,304.64
2026-07-02,Scaling | ASC | Core Products,ASC | Broad,AD-022,Video | Podcast Clip | Energy After 40 | Multi,376.25,10003,128,1.73,7,622.31,6,556.79
2026-07-02,Scaling | ASC | Core Products,ASC | Broad,AD-025,Static | Press + Reviews Mashup | Multi,237.89,5995,53,1.89,3,272.81,3,272.81
2026-07-02,Scaling | ASC | Core Products,ASC | Broad,AD-027,UGC | 3-Month Update | Dana R | Multi,351.76,11565,122,1.72,7,635.83,6,570.9
2026-07-02,Prospecting | Interest Stacks,Stack | Health & Wellness,AD-005,Static | Organ Meats Without the Taste | Organs,233.5,7211,59,1.64,2,184.38,2,184.38
2026-07-02,Prospecting | Interest Stacks,Stack | Health & Wellness,AD-007,Video | Why Multivitamins Fail | Multi,232.92,7212,60,2.08,2,173.85,2,173.85
2026-07-02,Prospecting | Interest Stacks,Stack | Health & Wellness,AD-008,Static | Clinician-Grade Standard | Brand,155.54,3939,30,1.86,1,97.22,1,97.22
2026-07-02,Prospecting | Interest Stacks,Stack | Health & Wellness,AD-009,Video | Omega Freshness Test | Omega,168.97,5645,48,1.64,1,94.46,1,94.46
2026-07-02,Remarketing | DPA | Engagers 30D,Engagers + Visitors 30D,AD-201,DPA | Viewed Product 14D | Dynamic,485.66,15933,361,1.92,17,1268.68,5,444.49
2026-07-02,Remarketing | DPA | Engagers 30D,Engagers + Visitors 30D,AD-202,Static | 'Still Thinking It Over?' 10% Offer,279.4,7961,148,1.64,6,453.68,2,193.91
2026-07-02,Remarketing | DPA | Engagers 30D,Engagers + Visitors 30D,AD-203,Video | Reviews Social Proof | All Products,251.02,7765,133,2.04,6,450.87,2,178.3
2026-07-02,Testing | ABO | Weekly Concepts,Testing | Broad 18-65,AD-114,TEST | Static: Award Badge,220.53,6321,61,1.64,2,174.85,2,174.85
2026-07-02,Testing | ABO | Weekly Concepts,Testing | Broad 18-65,AD-115,TEST | UGC: Couple Routine,236.76,5986,47,1.92,1,81.61,1,81.61
2026-07-03,Scaling | ASC | Core Products,ASC | Broad,AD-011,UGC | Morning Routine | Sarah K | Bio-Avail Multi,297.06,7457,101,1.64,6,530.22,5,468.27
2026-07-03,Scaling | ASC | Core Products,ASC | Broad,AD-012,Static | 'One Scoop' Benefit Stack | Multi,269.5,7407,71,1.94,3,288.26,3,288.26
2026-07-03,Scaling | ASC | Core Products,ASC | Broad,AD-014,Video | Founder Story | Chris | Bio-Avail Multi,1218.24,40944,413,2.88,21,1820.55,16,1484.14
2026-07-03,Scaling | ASC | Core Products,ASC | Broad,AD-016,UGC | 'I Quit 6 Supplements' | Mark T | Multi,284.0,9568,97,1.94,4,362.92,4,362.92
2026-07-03,Scaling | ASC | Core Products,ASC | Broad,AD-019,Carousel | Ingredient Transparency | Multi,226.68,7841,67,2.01,2,180.03,2,180.03
2026-07-03,Scaling | ASC | Core Products,ASC | Broad,AD-022,Video | Podcast Clip | Energy After 40 | Multi,240.88,6949,80,1.63,3,320.01,3,320.01
2026-07-03,Scaling | ASC | Core Products,ASC | Broad,AD-025,Static | Press + Reviews Mashup | Multi,140.97,4592,47,1.63,2,196.15,2,196.15
2026-07-03,Scaling | ASC | Core Products,ASC | Broad,AD-027,UGC | 3-Month Update | Dana R | Multi,229.37,7737,94,1.99,4,355.76,4,355.76
2026-07-03,Prospecting | Interest Stacks,Stack | Health & Wellness,AD-005,Static | Organ Meats Without the Taste | Organs,290.86,7919,71,1.77,3,288.67,3,288.67
2026-07-03,Prospecting | Interest Stacks,Stack | Health & Wellness,AD-007,Video | Why Multivitamins Fail | Multi,323.51,8226,83,1.69,3,315.56,3,315.56
2026-07-03,Prospecting | Interest Stacks,Stack | Health & Wellness,AD-008,Static | Clinician-Grade Standard | Brand,205.2,5764,55,1.95,1,88.73,1,88.73
2026-07-03,Prospecting | Interest Stacks,Stack | Health & Wellness,AD-009,Video | Omega Freshness Test | Omega,207.2,6903,72,1.96,1,84.05,1,84.05
2026-07-03,Remarketing | DPA | Engagers 30D,Engagers + Visitors 30D,AD-201,DPA | Viewed Product 14D | Dynamic,455.42,11561,253,1.78,13,1018.82,4,341.1
2026-07-03,Remarketing | DPA | Engagers 30D,Engagers + Visitors 30D,AD-202,Static | 'Still Thinking It Over?' 10% Offer,248.18,8771,169,1.92,6,444.15,2,176.55
2026-07-03,Remarketing | DPA | Engagers 30D,Engagers + Visitors 30D,AD-203,Video | Reviews Social Proof | All Products,198.04,5162,104,1.65,3,220.3,1,91.96
2026-07-03,Testing | ABO | Weekly Concepts,Testing | Broad 18-65,AD-114,TEST | Static: Award Badge,194.08,6478,57,2.0,2,176.94,2,176.94
2026-07-03,Testing | ABO | Weekly Concepts,Testing | Broad 18-65,AD-115,TEST | UGC: Couple Routine,201.7,5434,45,1.78,1,86.89,1,86.89
2026-07-04,Scaling | ASC | Core Products,ASC | Broad,AD-011,UGC | Morning Routine | Sarah K | Bio-Avail Multi,394.82,12595,133,2.04,4,376.57,4,376.57
2026-07-04,Scaling | ASC | Core Products,ASC | Broad,AD-012,Static | 'One Scoop' Benefit Stack | Multi,357.57,9821,99,1.9,4,379.17,4,379.17
2026-07-04,Scaling | ASC | Core Products,ASC | Broad,AD-014,Video | Founder Story | Chris | Bio-Avail Multi,1821.54,61350,599,2.91,42,3485.8,32,2740.34
2026-07-04,Scaling | ASC | Core Products,ASC | Broad,AD-016,UGC | 'I Quit 6 Supplements' | Mark T | Multi,335.54,11100,103,1.82,6,505.31,5,436.73
2026-07-04,Scaling | ASC | Core Products,ASC | Broad,AD-019,Carousel | Ingredient Transparency | Multi,248.62,8332,62,1.81,2,209.27,2,209.27
2026-07-04,Scaling | ASC | Core Products,ASC | Broad,AD-022,Video | Podcast Clip | Energy After 40 | Multi,296.39,10038,122,1.75,4,377.88,4,377.88
2026-07-04,Scaling | ASC | Core Products,ASC | Broad,AD-025,Static | Press + Reviews Mashup | Multi,175.24,4573,44,1.8,2,167.93,2,167.93
2026-07-04,Scaling | ASC | Core Products,ASC | Broad,AD-027,UGC | 3-Month Update | Dana R | Multi,231.48,8239,111,2.02,3,261.74,3,261.74
2026-07-04,Prospecting | Interest Stacks,Stack | Health & Wellness,AD-005,Static | Organ Meats Without the Taste | Organs,219.4,7075,68,1.72,2,182.35,2,182.35
2026-07-04,Prospecting | Interest Stacks,Stack | Health & Wellness,AD-007,Video | Why Multivitamins Fail | Multi,293.67,10153,121,1.69,2,179.86,2,179.86
2026-07-04,Prospecting | Interest Stacks,Stack | Health & Wellness,AD-008,Static | Clinician-Grade Standard | Brand,169.67,5203,37,1.86,1,90.32,1,90.32
2026-07-04,Prospecting | Interest Stacks,Stack | Health & Wellness,AD-009,Video | Omega Freshness Test | Omega,198.02,5203,50,2.05,1,92.92,1,92.92
2026-07-04,Remarketing | DPA | Engagers 30D,Engagers + Visitors 30D,AD-201,DPA | Viewed Product 14D | Dynamic,399.53,10799,221,1.82,13,1007.27,4,398.84
2026-07-04,Remarketing | DPA | Engagers 30D,Engagers + Visitors 30D,AD-202,Static | 'Still Thinking It Over?' 10% Offer,317.25,10070,167,1.97,6,447.54,2,184.01
2026-07-04,Remarketing | DPA | Engagers 30D,Engagers + Visitors 30D,AD-203,Video | Reviews Social Proof | All Products,216.13,6652,93,1.64,3,230.03,1,89.89
2026-07-04,Testing | ABO | Weekly Concepts,Testing | Broad 18-65,AD-114,TEST | Static: Award Badge,299.12,8235,84,1.93,2,182.71,2,182.71
2026-07-04,Testing | ABO | Weekly Concepts,Testing | Broad 18-65,AD-115,TEST | UGC: Couple Routine,195.38,5478,52,1.86,1,86.41,1,86.41
2026-07-05,Scaling | ASC | Core Products,ASC | Broad,AD-011,UGC | Morning Routine | Sarah K | Bio-Avail Multi,264.27,9259,116,1.62,2,181.78,2,181.78
2026-07-05,Scaling | ASC | Core Products,ASC | Broad,AD-012,Static | 'One Scoop' Benefit Stack | Multi,251.44,8796,97,1.8,3,295.05,3,295.05
2026-07-05,Scaling | ASC | Core Products,ASC | Broad,AD-014,Video | Founder Story | Chris | Bio-Avail Multi,1284.45,44785,450,2.95,23,2056.9,17,1650.11
2026-07-05,Scaling | ASC | Core Products,ASC | Broad,AD-016,UGC | 'I Quit 6 Supplements' | Mark T | Multi,263.22,6646,68,1.63,4,367.46,4,367.46
2026-07-05,Scaling | ASC | Core Products,ASC | Broad,AD-019,Carousel | Ingredient Transparency | Multi,173.54,4456,36,2.01,1,91.81,1,91.81
2026-07-05,Scaling | ASC | Core Products,ASC | Broad,AD-022,Video | Podcast Clip | Energy After 40 | Multi,249.04,7442,90,1.85,4,381.7,4,381.7
2026-07-05,Scaling | ASC | Core Products,ASC | Broad,AD-025,Static | Press + Reviews Mashup | Multi,157.51,5604,44,2.02,2,191.32,2,191.32
2026-07-05,Scaling | ASC | Core Products,ASC | Broad,AD-027,UGC | 3-Month Update | Dana R | Multi,225.81,7473,85,1.71,2,186.86,2,186.86
2026-07-05,Prospecting | Interest Stacks,Stack | Health & Wellness,AD-005,Static | Organ Meats Without the Taste | Organs,257.48,8292,80,1.62,1,92.88,1,92.88
2026-07-05,Prospecting | Interest Stacks,Stack | Health & Wellness,AD-007,Video | Why Multivitamins Fail | Multi,330.81,9357,97,1.93,3,283.4,3,283.4
2026-07-05,Prospecting | Interest Stacks,Stack | Health & Wellness,AD-008,Static | Clinician-Grade Standard | Brand,160.54,5594,44,2.06,1,90.36,1,90.36
2026-07-05,Prospecting | Interest Stacks,Stack | Health & Wellness,AD-009,Video | Omega Freshness Test | Omega,207.61,6697,56,1.93,1,96.5,1,96.5
2026-07-05,Remarketing | DPA | Engagers 30D,Engagers + Visitors 30D,AD-201,DPA | Viewed Product 14D | Dynamic,527.26,17890,385,1.72,17,1389.84,5,476.59
2026-07-05,Remarketing | DPA | Engagers 30D,Engagers + Visitors 30D,AD-202,Static | 'Still Thinking It Over?' 10% Offer,256.24,9000,156,1.99,6,457.44,2,183.64
2026-07-05,Remarketing | DPA | Engagers 30D,Engagers + Visitors 30D,AD-203,Video | Reviews Social Proof | All Products,226.61,5978,101,1.87,3,237.01,1,96.49
2026-07-05,Testing | ABO | Weekly Concepts,Testing | Broad 18-65,AD-114,TEST | Static: Award Badge,219.59,6455,83,1.96,2,178.97,2,178.97
2026-07-05,Testing | ABO | Weekly Concepts,Testing | Broad 18-65,AD-115,TEST | UGC: Couple Routine,254.75,8696,71,2.03,1,92.11,1,92.11
2026-07-06,Scaling | ASC | Core Products,ASC | Broad,AD-011,UGC | Morning Routine | Sarah K | Bio-Avail Multi,260.49,8891,99,1.81,6,545.15,5,473.51
2026-07-06,Scaling | ASC | Core Products,ASC | Broad,AD-012,Static | 'One Scoop' Benefit Stack | Multi,251.04,6329,62,1.65,3,289.52,3,289.52
2026-07-06,Scaling | ASC | Core Products,ASC | Broad,AD-014,Video | Founder Story | Chris | Bio-Avail Multi,1848.43,54377,539,2.99,37,3266.87,28,2646.82
2026-07-06,Scaling | ASC | Core Products,ASC | Broad,AD-016,UGC | 'I Quit 6 Supplements' | Mark T | Multi,276.5,7580,80,1.98,3,287.87,3,287.87
2026-07-06,Scaling | ASC | Core Products,ASC | Broad,AD-019,Carousel | Ingredient Transparency | Multi,176.07,4654,33,1.62,2,188.28,2,188.28
2026-07-06,Scaling | ASC | Core Products,ASC | Broad,AD-022,Video | Podcast Clip | Energy After 40 | Multi,266.0,7861,102,2.01,4,337.02,4,337.02
2026-07-06,Scaling | ASC | Core Products,ASC | Broad,AD-025,Static | Press + Reviews Mashup | Multi,164.75,4915,40,1.77,2,173.12,2,173.12
2026-07-06,Scaling | ASC | Core Products,ASC | Broad,AD-027,UGC | 3-Month Update | Dana R | Multi,206.8,5834,62,1.79,3,289.7,3,289.7
2026-07-06,Prospecting | Interest Stacks,Stack | Health & Wellness,AD-005,Static | Organ Meats Without the Taste | Organs,246.01,8388,80,1.92,2,176.76,2,176.76
2026-07-06,Prospecting | Interest Stacks,Stack | Health & Wellness,AD-007,Video | Why Multivitamins Fail | Multi,311.82,7828,85,1.61,3,259.55,3,259.55
2026-07-06,Prospecting | Interest Stacks,Stack | Health & Wellness,AD-008,Static | Clinician-Grade Standard | Brand,169.31,5288,41,1.77,1,78.86,1,78.86
2026-07-06,Prospecting | Interest Stacks,Stack | Health & Wellness,AD-009,Video | Omega Freshness Test | Omega,230.06,7254,69,1.82,1,93.92,1,93.92
2026-07-06,Remarketing | DPA | Engagers 30D,Engagers + Visitors 30D,AD-201,DPA | Viewed Product 14D | Dynamic,530.44,16761,344,1.62,20,1503.33,6,521.23
2026-07-06,Remarketing | DPA | Engagers 30D,Engagers + Visitors 30D,AD-202,Static | 'Still Thinking It Over?' 10% Offer,282.12,8270,145,1.96,9,715.52,3,267.18
2026-07-06,Remarketing | DPA | Engagers 30D,Engagers + Visitors 30D,AD-203,Video | Reviews Social Proof | All Products,244.4,7836,142,2.0,6,470.31,2,188.11
2026-07-06,Testing | ABO | Weekly Concepts,Testing | Broad 18-65,AD-114,TEST | Static: Award Badge,174.81,4469,45,1.66,1,94.72,1,94.72
2026-07-06,Testing | ABO | Weekly Concepts,Testing | Broad 18-65,AD-115,TEST | UGC: Couple Routine,201.49,6870,47,1.96,1,85.48,1,85.48
2026-07-07,Scaling | ASC | Core Products,ASC | Broad,AD-011,UGC | Morning Routine | Sarah K | Bio-Avail Multi,318.75,8982,96,1.85,4,338.1,4,338.1
2026-07-07,Scaling | ASC | Core Products,ASC | Broad,AD-012,Static | 'One Scoop' Benefit Stack | Multi,261.88,7181,68,2.08,3,261.58,3,261.58
2026-07-07,Scaling | ASC | Core Products,ASC | Broad,AD-014,Video | Founder Story | Chris | Bio-Avail Multi,1683.98,59788,543,3.03,55,4472.59,41,3526.53
2026-07-07,Scaling | ASC | Core Products,ASC | Broad,AD-016,UGC | 'I Quit 6 Supplements' | Mark T | Multi,251.38,8714,104,2.01,3,273.37,3,273.37
2026-07-07,Scaling | ASC | Core Products,ASC | Broad,AD-019,Carousel | Ingredient Transparency | Multi,167.89,4895,41,1.65,2,181.85,2,181.85
2026-07-07,Scaling | ASC | Core Products,ASC | Broad,AD-022,Video | Podcast Clip | Energy After 40 | Multi,218.2,7249,93,1.88,4,364.56,4,364.56
2026-07-07,Scaling | ASC | Core Products,ASC | Broad,AD-025,Static | Press + Reviews Mashup | Multi,156.29,4357,37,2.08,2,188.64,2,188.64
2026-07-07,Scaling | ASC | Core Products,ASC | Broad,AD-027,UGC | 3-Month Update | Dana R | Multi,191.94,6564,75,1.93,3,251.13,3,251.13
2026-07-07,Prospecting | Interest Stacks,Stack | Health & Wellness,AD-005,Static | Organ Meats Without the Taste | Organs,274.71,8921,89,1.67,3,259.88,3,259.88
2026-07-07,Prospecting | Interest Stacks,Stack | Health & Wellness,AD-007,Video | Why Multivitamins Fail | Multi,295.48,9256,102,1.74,2,174.66,2,174.66
2026-07-07,Prospecting | Interest Stacks,Stack | Health & Wellness,AD-008,Static | Clinician-Grade Standard | Brand,161.98,4226,32,1.76,1,90.99,1,90.99
2026-07-07,Prospecting | Interest Stacks,Stack | Health & Wellness,AD-009,Video | Omega Freshness Test | Omega,179.18,6202,54,1.76,1,92.06,1,92.06
2026-07-07,Remarketing | DPA | Engagers 30D,Engagers + Visitors 30D,AD-201,DPA | Viewed Product 14D | Dynamic,439.51,14905,309,2.08,17,1290.41,5,496.51
2026-07-07,Remarketing | DPA | Engagers 30D,Engagers + Visitors 30D,AD-202,Static | 'Still Thinking It Over?' 10% Offer,261.93,8581,160,1.88,6,442.36,2,171.15
2026-07-07,Remarketing | DPA | Engagers 30D,Engagers + Visitors 30D,AD-203,Video | Reviews Social Proof | All Products,241.05,8128,129,1.76,6,464.4,2,186.3
2026-07-07,Testing | ABO | Weekly Concepts,Testing | Broad 18-65,AD-114,TEST | Static: Award Badge,213.56,5508,50,1.84,2,202.18,2,202.18
2026-07-07,Testing | ABO | Weekly Concepts,Testing | Broad 18-65,AD-115,TEST | UGC: Couple Routine,214.19,6732,60,2.0,1,98.08,1,98.08
2026-07-08,Scaling | ASC | Core Products,ASC | Broad,AD-011,UGC | Morning Routine | Sarah K | Bio-Avail Multi,251.63,6472,77,2.08,4,371.34,4,371.34
2026-07-08,Scaling | ASC | Core Products,ASC | Broad,AD-012,Static | 'One Scoop' Benefit Stack | Multi,242.44,8008,80,2.04,3,258.32,3,258.32
2026-07-08,Scaling | ASC | Core Products,ASC | Broad,AD-014,Video | Founder Story | Chris | Bio-Avail Multi,1911.03,49667,432,3.07,46,3867.49,34,3058.21
2026-07-08,Scaling | ASC | Core Products,ASC | Broad,AD-016,UGC | 'I Quit 6 Supplements' | Mark T | Multi,278.4,8651,72,1.89,6,551.78,5,474.87
2026-07-08,Scaling | ASC | Core Products,ASC | Broad,AD-019,Carousel | Ingredient Transparency | Multi,160.38,5726,47,1.84,2,194.16,2,194.16
2026-07-08,Scaling | ASC | Core Products,ASC | Broad,AD-022,Video | Podcast Clip | Energy After 40 | Multi,223.31,5997,69,1.93,4,391.93,4,391.93
2026-07-08,Scaling | ASC | Core Products,ASC | Broad,AD-025,Static | Press + Reviews Mashup | Multi,140.38,4514,37,1.7,2,177.93,2,177.93
2026-07-08,Scaling | ASC | Core Products,ASC | Broad,AD-027,UGC | 3-Month Update | Dana R | Multi,183.31,5275,53,1.95,3,289.49,3,289.49
2026-07-08,Prospecting | Interest Stacks,Stack | Health & Wellness,AD-005,Static | Organ Meats Without the Taste | Organs,272.0,7454,68,1.93,2,179.2,2,179.2
2026-07-08,Prospecting | Interest Stacks,Stack | Health & Wellness,AD-007,Video | Why Multivitamins Fail | Multi,280.55,8172,84,1.78,3,273.49,3,273.49
2026-07-08,Prospecting | Interest Stacks,Stack | Health & Wellness,AD-008,Static | Clinician-Grade Standard | Brand,190.19,5796,47,1.78,1,99.0,1,99.0
2026-07-08,Prospecting | Interest Stacks,Stack | Health & Wellness,AD-009,Video | Omega Freshness Test | Omega,180.38,6313,60,1.99,2,190.99,2,190.99
2026-07-08,Remarketing | DPA | Engagers 30D,Engagers + Visitors 30D,AD-201,DPA | Viewed Product 14D | Dynamic,443.84,12227,251,1.76,17,1285.36,5,469.71
2026-07-08,Remarketing | DPA | Engagers 30D,Engagers + Visitors 30D,AD-202,Static | 'Still Thinking It Over?' 10% Offer,278.98,7045,123,2.02,6,456.66,2,177.55
2026-07-08,Remarketing | DPA | Engagers 30D,Engagers + Visitors 30D,AD-203,Video | Reviews Social Proof | All Products,224.26,5982,121,1.75,6,427.77,2,169.69
2026-07-08,Testing | ABO | Weekly Concepts,Testing | Broad 18-65,AD-114,TEST | Static: Award Badge,199.52,5402,61,1.67,2,204.79,2,204.79
2026-07-08,Testing | ABO | Weekly Concepts,Testing | Broad 18-65,AD-115,TEST | UGC: Couple Routine,189.29,4796,37,1.82,1,91.53,1,91.53
2026-07-09,Scaling | ASC | Core Products,ASC | Broad,AD-011,UGC | Morning Routine | Sarah K | Bio-Avail Multi,250.83,6770,71,1.75,3,265.05,3,265.05
2026-07-09,Scaling | ASC | Core Products,ASC | Broad,AD-012,Static | 'One Scoop' Benefit Stack | Multi,206.44,5180,51,1.89,2,190.45,2,190.45
2026-07-09,Scaling | ASC | Core Products,ASC | Broad,AD-014,Video | Founder Story | Chris | Bio-Avail Multi,1658.61,56269,540,3.11,34,2902.33,25,2341.64
2026-07-09,Scaling | ASC | Core Products,ASC | Broad,AD-016,UGC | 'I Quit 6 Supplements' | Mark T | Multi,206.54,5651,72,2.1,3,277.87,3,277.87
2026-07-09,Scaling | ASC | Core Products,ASC | Broad,AD-019,Carousel | Ingredient Transparency | Multi,148.01,4313,34,2.0,1,98.57,1,98.57
2026-07-09,Scaling | ASC | Core Products,ASC | Broad,AD-022,Video | Podcast Clip | Energy After 40 | Multi,174.51,5377,63,1.7,3,269.14,3,269.14
2026-07-09,Scaling | ASC | Core Products,ASC | Broad,AD-025,Static | Press + Reviews Mashup | Multi,126.32,3224,39,1.69,1,87.94,1,87.94
2026-07-09,Scaling | ASC | Core Products,ASC | Broad,AD-027,UGC | 3-Month Update | Dana R | Multi,172.79,6123,56,2.09,3,257.97,3,257.97
2026-07-09,Prospecting | Interest Stacks,Stack | Health & Wellness,AD-005,Static | Organ Meats Without the Taste | Organs,315.6,10125,82,2.01,2,177.54,2,177.54
2026-07-09,Prospecting | Interest Stacks,Stack | Health & Wellness,AD-007,Video | Why Multivitamins Fail | Multi,280.47,7809,71,1.84,3,265.15,3,265.15
2026-07-09,Prospecting | Interest Stacks,Stack | Health & Wellness,AD-008,Static | Clinician-Grade Standard | Brand,153.48,4092,32,1.71,1,98.57,1,98.57
2026-07-09,Prospecting | Interest Stacks,Stack | Health & Wellness,AD-009,Video | Omega Freshness Test | Omega,202.8,6555,53,1.66,2,174.98,2,174.98
2026-07-09,Remarketing | DPA | Engagers 30D,Engagers + Visitors 30D,AD-201,DPA | Viewed Product 14D | Dynamic,471.25,13322,285,1.94,17,1254.52,5,462.49
2026-07-09,Remarketing | DPA | Engagers 30D,Engagers + Visitors 30D,AD-202,Static | 'Still Thinking It Over?' 10% Offer,303.19,10202,192,1.9,6,476.17,2,193.63
2026-07-09,Remarketing | DPA | Engagers 30D,Engagers + Visitors 30D,AD-203,Video | Reviews Social Proof | All Products,245.62,7378,138,1.92,6,467.39,2,182.95
2026-07-09,Testing | ABO | Weekly Concepts,Testing | Broad 18-65,AD-114,TEST | Static: Award Badge,201.22,5746,60,1.85,1,89.86,1,89.86
2026-07-09,Testing | ABO | Weekly Concepts,Testing | Broad 18-65,AD-115,TEST | UGC: Couple Routine,213.79,7232,60,1.61,1,88.51,1,88.51
2026-07-10,Scaling | ASC | Core Products,ASC | Broad,AD-011,UGC | Morning Routine | Sarah K | Bio-Avail Multi,223.45,7434,73,1.96,3,274.59,3,274.59
2026-07-10,Scaling | ASC | Core Products,ASC | Broad,AD-012,Static | 'One Scoop' Benefit Stack | Multi,186.62,4987,51,1.66,2,183.28,2,183.28
2026-07-10,Scaling | ASC | Core Products,ASC | Broad,AD-014,Video | Founder Story | Chris | Bio-Avail Multi,1703.69,53961,494,3.15,30,2646.33,22,2078.12
2026-07-10,Scaling | ASC | Core Products,ASC | Broad,AD-016,UGC | 'I Quit 6 Supplements' | Mark T | Multi,195.05,4891,47,1.79,3,268.46,3,268.46
2026-07-10,Scaling | ASC | Core Products,ASC | Broad,AD-019,Carousel | Ingredient Transparency | Multi,156.97,5015,50,1.62,2,182.5,2,182.5
2026-07-10,Scaling | ASC | Core Products,ASC | Broad,AD-022,Video | Podcast Clip | Energy After 40 | Multi,159.45,4645,57,1.99,2,184.19,2,184.19
2026-07-10,Scaling | ASC | Core Products,ASC | Broad,AD-025,Static | Press + Reviews Mashup | Multi,117.84,3232,29,1.61,1,91.77,1,91.77
2026-07-10,Scaling | ASC | Core Products,ASC | Broad,AD-027,UGC | 3-Month Update | Dana R | Multi,164.64,5340,50,1.73,2,197.17,2,197.17
2026-07-10,Prospecting | Interest Stacks,Stack | Health & Wellness,AD-005,Static | Organ Meats Without the Taste | Organs,288.21,9492,85,1.82,3,283.41,3,283.41
2026-07-10,Prospecting | Interest Stacks,Stack | Health & Wellness,AD-007,Video | Why Multivitamins Fail | Multi,284.59,7989,81,1.73,3,245.44,3,245.44
2026-07-10,Prospecting | Interest Stacks,Stack | Health & Wellness,AD-008,Static | Clinician-Grade Standard | Brand,176.07,4468,31,1.83,1,100.91,1,100.91
2026-07-10,Prospecting | Interest Stacks,Stack | Health & Wellness,AD-009,Video | Omega Freshness Test | Omega,216.44,5809,69,1.93,2,177.23,2,177.23
2026-07-10,Remarketing | DPA | Engagers 30D,Engagers + Visitors 30D,AD-201,DPA | Viewed Product 14D | Dynamic,475.11,16373,334,1.89,17,1261.83,5,470.27
2026-07-10,Remarketing | DPA | Engagers 30D,Engagers + Visitors 30D,AD-202,Static | 'Still Thinking It Over?' 10% Offer,334.68,8574,146,1.8,11,872.68,4,362.87
2026-07-10,Remarketing | DPA | Engagers 30D,Engagers + Visitors 30D,AD-203,Video | Reviews Social Proof | All Products,275.21,7439,119,2.05,9,662.03,3,271.32
2026-07-10,Testing | ABO | Weekly Concepts,Testing | Broad 18-65,AD-115,TEST | UGC: Couple Routine,420.2,12318,117,1.65,3,271.77,3,271.77
2026-07-11,Scaling | ASC | Core Products,ASC | Broad,AD-011,UGC | Morning Routine | Sarah K | Bio-Avail Multi,272.79,7312,85,1.94,4,361.0,4,361.0
2026-07-11,Scaling | ASC | Core Products,ASC | Broad,AD-012,Static | 'One Scoop' Benefit Stack | Multi,191.6,6197,66,1.99,2,178.59,2,178.59
2026-07-11,Scaling | ASC | Core Products,ASC | Broad,AD-014,Video | Founder Story | Chris | Bio-Avail Multi,2264.92,74084,553,3.19,40,3370.49,29,2646.56
2026-07-11,Scaling | ASC | Core Products,ASC | Broad,AD-016,UGC | 'I Quit 6 Supplements' | Mark T | Multi,225.19,5980,60,1.64,3,277.05,3,277.05
2026-07-11,Scaling | ASC | Core Products,ASC | Broad,AD-019,Carousel | Ingredient Transparency | Multi,158.28,4772,44,1.91,2,194.25,2,194.25
2026-07-11,Scaling | ASC | Core Products,ASC | Broad,AD-022,Video | Podcast Clip | Energy After 40 | Multi,226.85,6857,80,1.86,3,283.56,3,283.56
2026-07-11,Scaling | ASC | Core Products,ASC | Broad,AD-025,Static | Press + Reviews Mashup | Multi,136.58,4702,39,1.73,1,91.62,1,91.62
2026-07-11,Scaling | ASC | Core Products,ASC | Broad,AD-027,UGC | 3-Month Update | Dana R | Multi,191.36,5420,52,1.94,2,177.67,2,177.67
2026-07-11,Prospecting | Interest Stacks,Stack | Health & Wellness,AD-005,Static | Organ Meats Without the Taste | Organs,283.25,7527,55,1.81,2,179.13,2,179.13
2026-07-11,Prospecting | Interest Stacks,Stack | Health & Wellness,AD-007,Video | Why Multivitamins Fail | Multi,268.3,7227,81,1.97,3,251.06,3,251.06
2026-07-11,Prospecting | Interest Stacks,Stack | Health & Wellness,AD-008,Static | Clinician-Grade Standard | Brand,153.07,5026,44,1.98,1,91.44,1,91.44
2026-07-11,Prospecting | Interest Stacks,Stack | Health & Wellness,AD-009,Video | Omega Freshness Test | Omega,190.96,5285,45,1.75,1,102.63,1,102.63
2026-07-11,Remarketing | DPA | Engagers 30D,Engagers + Visitors 30D,AD-201,DPA | Viewed Product 14D | Dynamic,436.14,12050,216,1.85,13,1078.7,4,405.78
2026-07-11,Remarketing | DPA | Engagers 30D,Engagers + Visitors 30D,AD-202,Static | 'Still Thinking It Over?' 10% Offer,303.24,7603,137,1.75,6,476.08,2,191.41
2026-07-11,Remarketing | DPA | Engagers 30D,Engagers + Visitors 30D,AD-203,Video | Reviews Social Proof | All Products,232.09,7318,127,1.87,3,232.74,1,94.14
2026-07-11,Testing | ABO | Weekly Concepts,Testing | Broad 18-65,AD-115,TEST | UGC: Couple Routine,481.52,12739,104,1.85,2,180.29,2,180.29
2026-07-12,Scaling | ASC | Core Products,ASC | Broad,AD-011,UGC | Morning Routine | Sarah K | Bio-Avail Multi,259.47,8311,90,1.77,3,286.25,3,286.25
2026-07-12,Scaling | ASC | Core Products,ASC | Broad,AD-012,Static | 'One Scoop' Benefit Stack | Multi,203.06,5088,46,1.95,1,100.64,1,100.64
2026-07-12,Scaling | ASC | Core Products,ASC | Broad,AD-014,Video | Founder Story | Chris | Bio-Avail Multi,2171.08,74272,562,3.23,31,2563.45,22,1947.95
2026-07-12,Scaling | ASC | Core Products,ASC | Broad,AD-016,UGC | 'I Quit 6 Supplements' | Mark T | Multi,242.63,7173,78,1.89,4,355.86,4,355.86
2026-07-12,Scaling | ASC | Core Products,ASC | Broad,AD-019,Carousel | Ingredient Transparency | Multi,145.87,3820,29,2.01,1,94.9,1,94.9
2026-07-12,Scaling | ASC | Core Products,ASC | Broad,AD-022,Video | Podcast Clip | Energy After 40 | Multi,178.76,4643,56,2.09,2,191.18,2,191.18
2026-07-12,Scaling | ASC | Core Products,ASC | Broad,AD-025,Static | Press + Reviews Mashup | Multi,121.04,3433,30,1.83,1,93.25,1,93.25
2026-07-12,Scaling | ASC | Core Products,ASC | Broad,AD-027,UGC | 3-Month Update | Dana R | Multi,176.14,5837,67,1.93,3,295.07,3,295.07
2026-07-12,Prospecting | Interest Stacks,Stack | Health & Wellness,AD-005,Static | Organ Meats Without the Taste | Organs,266.86,7855,71,1.82,2,186.69,2,186.69
2026-07-12,Prospecting | Interest Stacks,Stack | Health & Wellness,AD-007,Video | Why Multivitamins Fail | Multi,267.24,7686,87,1.61,2,179.79,2,179.79
2026-07-12,Prospecting | Interest Stacks,Stack | Health & Wellness,AD-008,Static | Clinician-Grade Standard | Brand,147.26,4019,33,2.1,1,93.41,1,93.41
2026-07-12,Prospecting | Interest Stacks,Stack | Health & Wellness,AD-009,Video | Omega Freshness Test | Omega,179.32,4503,44,1.95,2,197.19,2,197.19
2026-07-12,Remarketing | DPA | Engagers 30D,Engagers + Visitors 30D,AD-201,DPA | Viewed Product 14D | Dynamic,480.2,12813,285,2.07,13,968.79,4,362.07
2026-07-12,Remarketing | DPA | Engagers 30D,Engagers + Visitors 30D,AD-202,Static | 'Still Thinking It Over?' 10% Offer,377.68,11411,200,2.02,9,694.03,3,272.19
2026-07-12,Remarketing | DPA | Engagers 30D,Engagers + Visitors 30D,AD-203,Video | Reviews Social Proof | All Products,253.51,7546,141,1.92,6,457.85,2,179.04
2026-07-12,Testing | ABO | Weekly Concepts,Testing | Broad 18-65,AD-115,TEST | UGC: Couple Routine,434.39,11467,96,1.71,2,173.44,2,173.44
2026-07-13,Scaling | ASC | Core Products,ASC | Broad,AD-011,UGC | Morning Routine | Sarah K | Bio-Avail Multi,256.39,8106,97,1.62,4,358.06,4,358.06
2026-07-13,Scaling | ASC | Core Products,ASC | Broad,AD-012,Static | 'One Scoop' Benefit Stack | Multi,185.61,5025,45,1.84,3,248.19,3,248.19
2026-07-13,Scaling | ASC | Core Products,ASC | Broad,AD-014,Video | Founder Story | Chris | Bio-Avail Multi,2448.77,82600,659,3.27,42,3558.79,30,2793.97
2026-07-13,Scaling | ASC | Core Products,ASC | Broad,AD-016,UGC | 'I Quit 6 Supplements' | Mark T | Multi,205.31,6899,68,2.08,4,381.69,4,381.69
2026-07-13,Scaling | ASC | Core Products,ASC | Broad,AD-019,Carousel | Ingredient Transparency | Multi,124.51,4017,29,1.65,2,186.55,2,186.55
2026-07-13,Scaling | ASC | Core Products,ASC | Broad,AD-022,Video | Podcast Clip | Energy After 40 | Multi,179.38,5833,66,1.75,3,255.42,3,255.42
2026-07-13,Scaling | ASC | Core Products,ASC | Broad,AD-025,Static | Press + Reviews Mashup | Multi,124.76,4322,30,1.65,1,91.22,1,91.22
2026-07-13,Scaling | ASC | Core Products,ASC | Broad,AD-027,UGC | 3-Month Update | Dana R | Multi,146.72,4858,50,1.65,2,185.31,2,185.31
2026-07-13,Prospecting | Interest Stacks,Stack | Health & Wellness,AD-005,Static | Organ Meats Without the Taste | Organs,272.78,7347,65,1.82,3,286.87,3,286.87
2026-07-13,Prospecting | Interest Stacks,Stack | Health & Wellness,AD-007,Video | Why Multivitamins Fail | Multi,309.42,8468,79,1.77,3,271.53,3,271.53
2026-07-13,Prospecting | Interest Stacks,Stack | Health & Wellness,AD-008,Static | Clinician-Grade Standard | Brand,142.54,4662,37,2.0,1,88.42,1,88.42
2026-07-13,Prospecting | Interest Stacks,Stack | Health & Wellness,AD-009,Video | Omega Freshness Test | Omega,189.24,5726,62,1.83,1,93.03,1,93.03
2026-07-13,Remarketing | DPA | Engagers 30D,Engagers + Visitors 30D,AD-201,DPA | Viewed Product 14D | Dynamic,499.68,14732,322,1.94,17,1202.42,5,454.22
2026-07-13,Remarketing | DPA | Engagers 30D,Engagers + Visitors 30D,AD-202,Static | 'Still Thinking It Over?' 10% Offer,346.03,12184,234,1.73,6,469.57,2,175.7
2026-07-13,Remarketing | DPA | Engagers 30D,Engagers + Visitors 30D,AD-203,Video | Reviews Social Proof | All Products,238.63,7663,140,2.01,6,466.15,2,170.99
2026-07-13,Testing | ABO | Weekly Concepts,Testing | Broad 18-65,AD-115,TEST | UGC: Couple Routine,471.08,12304,105,1.65,3,282.65,3,282.65
2026-07-14,Scaling | ASC | Core Products,ASC | Broad,AD-011,UGC | Morning Routine | Sarah K | Bio-Avail Multi,278.2,9684,100,1.79,6,552.88,5,479.92
2026-07-14,Scaling | ASC | Core Products,ASC | Broad,AD-012,Static | 'One Scoop' Benefit Stack | Multi,176.79,5596,54,2.08,2,197.17,2,197.17
2026-07-14,Scaling | ASC | Core Products,ASC | Broad,AD-014,Video | Founder Story | Chris | Bio-Avail Multi,2076.1,61561,398,3.3,45,3761.87,32,2889.35
2026-07-14,Scaling | ASC | Core Products,ASC | Broad,AD-016,UGC | 'I Quit 6 Supplements' | Mark T | Multi,208.38,5705,76,2.06,3,280.2,3,280.2
2026-07-14,Scaling | ASC | Core Products,ASC | Broad,AD-019,Carousel | Ingredient Transparency | Multi,117.28,3312,26,1.81,1,88.44,1,88.44
2026-07-14,Scaling | ASC | Core Products,ASC | Broad,AD-022,Video | Podcast Clip | Energy After 40 | Multi,200.79,6364,72,1.78,3,285.9,3,285.9
2026-07-14,Scaling | ASC | Core Products,ASC | Broad,AD-025,Static | Press + Reviews Mashup | Multi,92.55,2470,24,1.73,1,90.3,1,90.3
2026-07-14,Scaling | ASC | Core Products,ASC | Broad,AD-027,UGC | 3-Month Update | Dana R | Multi,151.73,4224,50,2.06,2,179.8,2,179.8
2026-07-14,Prospecting | Interest Stacks,Stack | Health & Wellness,AD-005,Static | Organ Meats Without the Taste | Organs,269.78,8041,82,2.01,2,193.37,2,193.37
2026-07-14,Prospecting | Interest Stacks,Stack | Health & Wellness,AD-007,Video | Why Multivitamins Fail | Multi,273.76,6905,66,2.06,2,174.87,2,174.87
2026-07-14,Prospecting | Interest Stacks,Stack | Health & Wellness,AD-008,Static | Clinician-Grade Standard | Brand,178.12,4502,31,1.69,1,91.69,1,91.69
2026-07-14,Prospecting | Interest Stacks,Stack | Health & Wellness,AD-009,Video | Omega Freshness Test | Omega,182.07,5541,57,1.9,2,188.89,2,188.89
2026-07-14,Remarketing | DPA | Engagers 30D,Engagers + Visitors 30D,AD-201,DPA | Viewed Product 14D | Dynamic,459.62,15001,328,1.83,13,952.2,4,353.37
2026-07-14,Remarketing | DPA | Engagers 30D,Engagers + Visitors 30D,AD-202,Static | 'Still Thinking It Over?' 10% Offer,301.95,8263,132,1.67,6,427.64,2,157.43
2026-07-14,Remarketing | DPA | Engagers 30D,Engagers + Visitors 30D,AD-203,Video | Reviews Social Proof | All Products,268.55,7732,129,1.96,6,428.51,2,172.32
2026-07-14,Testing | ABO | Weekly Concepts,Testing | Broad 18-65,AD-115,TEST | UGC: Couple Routine,437.52,11625,94,2.05,2,174.21,2,174.21
2026-07-15,Scaling | ASC | Core Products,ASC | Broad,AD-011,UGC | Morning Routine | Sarah K | Bio-Avail Multi,204.01,6362,72,1.92,2,199.93,2,199.93
2026-07-15,Scaling | ASC | Core Products,ASC | Broad,AD-012,Static | 'One Scoop' Benefit Stack | Multi,163.63,4694,44,2.09,2,185.07,2,185.07
2026-07-15,Scaling | ASC | Core Products,ASC | Broad,AD-014,Video | Founder Story | Chris | Bio-Avail Multi,1856.29,46898,389,3.34,40,3493.95,28,2663.6
2026-07-15,Scaling | ASC | Core Products,ASC | Broad,AD-016,UGC | 'I Quit 6 Supplements' | Mark T | Multi,183.5,4676,51,1.85,3,289.17,3,289.17
2026-07-15,Scaling | ASC | Core Products,ASC | Broad,AD-019,Carousel | Ingredient Transparency | Multi,104.43,3051,22,2.06,1,98.82,1,98.82
2026-07-15,Scaling | ASC | Core Products,ASC | Broad,AD-022,Video | Podcast Clip | Energy After 40 | Multi,168.15,5350,77,1.97,3,277.24,3,277.24
2026-07-15,Scaling | ASC | Core Products,ASC | Broad,AD-025,Static | Press + Reviews Mashup | Multi,84.41,2851,30,1.73,1,90.26,1,90.26
2026-07-15,Scaling | ASC | Core Products,ASC | Broad,AD-027,UGC | 3-Month Update | Dana R | Multi,124.81,4016,42,1.71,2,178.89,2,178.89
2026-07-15,Prospecting | Interest Stacks,Stack | Health & Wellness,AD-005,Static | Organ Meats Without the Taste | Organs,229.83,7150,63,1.71,2,178.95,2,178.95
2026-07-15,Prospecting | Interest Stacks,Stack | Health & Wellness,AD-007,Video | Why Multivitamins Fail | Multi,309.84,8055,74,1.66,3,290.98,3,290.98
2026-07-15,Prospecting | Interest Stacks,Stack | Health & Wellness,AD-008,Static | Clinician-Grade Standard | Brand,159.45,4305,34,1.71,1,89.33,1,89.33
2026-07-15,Prospecting | Interest Stacks,Stack | Health & Wellness,AD-009,Video | Omega Freshness Test | Omega,170.5,4635,43,2.1,1,87.85,1,87.85
2026-07-15,Remarketing | DPA | Engagers 30D,Engagers + Visitors 30D,AD-201,DPA | Viewed Product 14D | Dynamic,402.29,14107,320,1.79,17,1241.51,5,444.01
2026-07-15,Remarketing | DPA | Engagers 30D,Engagers + Visitors 30D,AD-202,Static | 'Still Thinking It Over?' 10% Offer,268.17,9204,154,2.03,6,447.07,2,170.86
2026-07-15,Remarketing | DPA | Engagers 30D,Engagers + Visitors 30D,AD-203,Video | Reviews Social Proof | All Products,208.29,6284,131,1.83,6,436.5,2,181.62
2026-07-15,Testing | ABO | Weekly Concepts,Testing | Broad 18-65,AD-115,TEST | UGC: Couple Routine,473.68,15794,118,1.85,3,278.85,3,278.85
2026-07-16,Scaling | ASC | Core Products,ASC | Broad,AD-011,UGC | Morning Routine | Sarah K | Bio-Avail Multi,216.07,5476,67,1.64,2,190.26,2,190.26
2026-07-16,Scaling | ASC | Core Products,ASC | Broad,AD-012,Static | 'One Scoop' Benefit Stack | Multi,150.71,4800,49,1.72,1,90.36,1,90.36
2026-07-16,Scaling | ASC | Core Products,ASC | Broad,AD-014,Video | Founder Story | Chris | Bio-Avail Multi,2507.11,74288,557,3.38,60,5173.58,42,4004.51
2026-07-16,Scaling | ASC | Core Products,ASC | Broad,AD-016,UGC | 'I Quit 6 Supplements' | Mark T | Multi,173.08,4781,44,1.67,2,197.23,2,197.23
2026-07-16,Scaling | ASC | Core Products,ASC | Broad,AD-019,Carousel | Ingredient Transparency | Multi,116.91,3800,32,1.67,2,178.58,2,178.58
2026-07-16,Scaling | ASC | Core Products,ASC | Broad,AD-022,Video | Podcast Clip | Energy After 40 | Multi,157.33,5045,66,1.69,2,184.0,2,184.0
2026-07-16,Scaling | ASC | Core Products,ASC | Broad,AD-025,Static | Press + Reviews Mashup | Multi,91.96,3271,28,1.89,1,90.3,1,90.3
2026-07-16,Scaling | ASC | Core Products,ASC | Broad,AD-027,UGC | 3-Month Update | Dana R | Multi,158.13,4005,39,2.0,2,195.58,2,195.58
2026-07-16,Prospecting | Interest Stacks,Stack | Health & Wellness,AD-005,Static | Organ Meats Without the Taste | Organs,284.42,10082,80,1.71,3,284.86,3,284.86
2026-07-16,Prospecting | Interest Stacks,Stack | Health & Wellness,AD-007,Video | Why Multivitamins Fail | Multi,288.34,9408,110,1.85,3,286.32,3,286.32
2026-07-16,Prospecting | Interest Stacks,Stack | Health & Wellness,AD-008,Static | Clinician-Grade Standard | Brand,159.02,4500,32,1.92,1,94.29,1,94.29
2026-07-16,Prospecting | Interest Stacks,Stack | Health & Wellness,AD-009,Video | Omega Freshness Test | Omega,178.56,4957,50,1.66,1,96.7,1,96.7
2026-07-16,Remarketing | DPA | Engagers 30D,Engagers + Visitors 30D,AD-201,DPA | Viewed Product 14D | Dynamic,406.87,11495,235,1.66,17,1277.07,5,486.81
2026-07-16,Remarketing | DPA | Engagers 30D,Engagers + Visitors 30D,AD-202,Static | 'Still Thinking It Over?' 10% Offer,359.83,11064,201,2.04,9,646.22,3,241.99
2026-07-16,Remarketing | DPA | Engagers 30D,Engagers + Visitors 30D,AD-203,Video | Reviews Social Proof | All Products,212.99,7304,131,1.84,6,438.16,2,174.96
2026-07-17,Scaling | ASC | Core Products,ASC | Broad,AD-011,UGC | Morning Routine | Sarah K | Bio-Avail Multi,157.29,4149,56,1.63,3,293.09,3,293.09
2026-07-17,Scaling | ASC | Core Products,ASC | Broad,AD-012,Static | 'One Scoop' Benefit Stack | Multi,128.67,3430,32,1.67,2,175.34,2,175.34
2026-07-17,Scaling | ASC | Core Products,ASC | Broad,AD-014,Video | Founder Story | Chris | Bio-Avail Multi,2602.46,83943,666,3.42,41,3625.41,28,2660.11
2026-07-17,Scaling | ASC | Core Products,ASC | Broad,AD-016,UGC | 'I Quit 6 Supplements' | Mark T | Multi,151.23,5286,61,1.84,3,305.58,3,305.58
2026-07-17,Scaling | ASC | Core Products,ASC | Broad,AD-019,Carousel | Ingredient Transparency | Multi,120.25,3482,30,2.04,1,93.0,1,93.0
2026-07-17,Scaling | ASC | Core Products,ASC | Broad,AD-022,Video | Podcast Clip | Energy After 40 | Multi,146.39,4843,59,1.62,2,193.24,2,193.24
2026-07-17,Scaling | ASC | Core Products,ASC | Broad,AD-025,Static | Press + Reviews Mashup | Multi,90.67,3061,27,1.78,1,97.36,1,97.36
2026-07-17,Scaling | ASC | Core Products,ASC | Broad,AD-027,UGC | 3-Month Update | Dana R | Multi,145.31,5023,68,1.85,2,179.85,2,179.85
2026-07-17,Prospecting | Interest Stacks,Stack | Health & Wellness,AD-005,Static | Organ Meats Without the Taste | Organs,274.4,8486,79,2.02,3,314.55,3,314.55
2026-07-17,Prospecting | Interest Stacks,Stack | Health & Wellness,AD-007,Video | Why Multivitamins Fail | Multi,305.43,8295,83,2.04,3,261.77,3,261.77
2026-07-17,Prospecting | Interest Stacks,Stack | Health & Wellness,AD-008,Static | Clinician-Grade Standard | Brand,176.43,5050,37,1.99,1,93.01,1,93.01
2026-07-17,Prospecting | Interest Stacks,Stack | Health & Wellness,AD-009,Video | Omega Freshness Test | Omega,194.84,5610,55,1.89,2,196.34,2,196.34
2026-07-17,Remarketing | DPA | Engagers 30D,Engagers + Visitors 30D,AD-201,DPA | Viewed Product 14D | Dynamic,513.63,15942,300,1.72,17,1363.72,5,535.24
2026-07-17,Remarketing | DPA | Engagers 30D,Engagers + Visitors 30D,AD-202,Static | 'Still Thinking It Over?' 10% Offer,300.63,10536,172,1.95,11,872.46,4,388.16
2026-07-17,Remarketing | DPA | Engagers 30D,Engagers + Visitors 30D,AD-203,Video | Reviews Social Proof | All Products,234.15,7998,136,1.81,3,241.09,1,103.84
2026-07-18,Scaling | ASC | Core Products,ASC | Broad,AD-011,UGC | Morning Routine | Sarah K | Bio-Avail Multi,212.35,6997,71,1.76,3,296.48,3,296.48
2026-07-18,Scaling | ASC | Core Products,ASC | Broad,AD-012,Static | 'One Scoop' Benefit Stack | Multi,154.41,5390,49,2.08,2,183.4,2,183.4
2026-07-18,Scaling | ASC | Core Products,ASC | Broad,AD-014,Video | Founder Story | Chris | Bio-Avail Multi,2432.7,62260,529,3.46,51,4611.86,35,3472.95
2026-07-18,Scaling | ASC | Core Products,ASC | Broad,AD-016,UGC | 'I Quit 6 Supplements' | Mark T | Multi,181.95,5121,59,1.75,3,284.73,3,284.73
2026-07-18,Scaling | ASC | Core Products,ASC | Broad,AD-019,Carousel | Ingredient Transparency | Multi,130.73,3936,33,1.69,1,88.14,1,88.14
2026-07-18,Scaling | ASC | Core Products,ASC | Broad,AD-022,Video | Podcast Clip | Energy After 40 | Multi,167.07,4751,54,1.75,2,175.91,2,175.91
2026-07-18,Scaling | ASC | Core Products,ASC | Broad,AD-025,Static | Press + Reviews Mashup | Multi,99.81,3217,30,1.77,1,90.89,1,90.89
2026-07-18,Scaling | ASC | Core Products,ASC | Broad,AD-027,UGC | 3-Month Update | Dana R | Multi,134.74,3698,39,1.83,1,90.41,1,90.41
2026-07-18,Prospecting | Interest Stacks,Stack | Health & Wellness,AD-005,Static | Organ Meats Without the Taste | Organs,227.82,6085,51,2.09,2,187.99,2,187.99
2026-07-18,Prospecting | Interest Stacks,Stack | Health & Wellness,AD-007,Video | Why Multivitamins Fail | Multi,248.16,7642,78,1.94,2,179.78,2,179.78
2026-07-18,Prospecting | Interest Stacks,Stack | Health & Wellness,AD-008,Static | Clinician-Grade Standard | Brand,169.29,4300,27,1.88,1,86.63,1,86.63
2026-07-18,Prospecting | Interest Stacks,Stack | Health & Wellness,AD-009,Video | Omega Freshness Test | Omega,216.32,6040,81,1.65,1,97.52,1,97.52
2026-07-18,Remarketing | DPA | Engagers 30D,Engagers + Visitors 30D,AD-201,DPA | Viewed Product 14D | Dynamic,426.47,14414,293,2.04,17,1276.59,5,447.14
2026-07-18,Remarketing | DPA | Engagers 30D,Engagers + Visitors 30D,AD-202,Static | 'Still Thinking It Over?' 10% Offer,338.17,10957,198,1.77,9,699.95,3,296.33
2026-07-18,Remarketing | DPA | Engagers 30D,Engagers + Visitors 30D,AD-203,Video | Reviews Social Proof | All Products,231.57,7381,118,1.63,3,231.37,1,91.57
2026-07-19,Scaling | ASC | Core Products,ASC | Broad,AD-011,UGC | Morning Routine | Sarah K | Bio-Avail Multi,183.61,6318,64,1.78,3,269.98,3,269.98
2026-07-19,Scaling | ASC | Core Products,ASC | Broad,AD-012,Static | 'One Scoop' Benefit Stack | Multi,141.35,4272,40,1.85,1,90.05,1,90.05
2026-07-19,Scaling | ASC | Core Products,ASC | Broad,AD-014,Video | Founder Story | Chris | Bio-Avail Multi,2102.64,64128,412,3.5,37,3246.32,25,2389.57
2026-07-19,Scaling | ASC | Core Products,ASC | Broad,AD-016,UGC | 'I Quit 6 Supplements' | Mark T | Multi,163.52,4271,45,1.68,2,170.41,2,170.41
2026-07-19,Scaling | ASC | Core Products,ASC | Broad,AD-019,Carousel | Ingredient Transparency | Multi,122.61,3909,32,1.95,1,86.26,1,86.26
2026-07-19,Scaling | ASC | Core Products,ASC | Broad,AD-022,Video | Podcast Clip | Energy After 40 | Multi,168.77,5959,70,1.65,2,170.58,2,170.58
2026-07-19,Scaling | ASC | Core Products,ASC | Broad,AD-025,Static | Press + Reviews Mashup | Multi,89.44,2599,22,2.09,1,89.5,1,89.5
2026-07-19,Scaling | ASC | Core Products,ASC | Broad,AD-027,UGC | 3-Month Update | Dana R | Multi,107.33,3394,33,2.04,1,90.65,1,90.65
2026-07-19,Prospecting | Interest Stacks,Stack | Health & Wellness,AD-005,Static | Organ Meats Without the Taste | Organs,234.88,7531,61,1.66,2,194.91,2,194.91
2026-07-19,Prospecting | Interest Stacks,Stack | Health & Wellness,AD-007,Video | Why Multivitamins Fail | Multi,270.49,9438,80,1.8,2,181.94,2,181.94
2026-07-19,Prospecting | Interest Stacks,Stack | Health & Wellness,AD-008,Static | Clinician-Grade Standard | Brand,142.38,3822,32,1.96,1,95.89,1,95.89
2026-07-19,Prospecting | Interest Stacks,Stack | Health & Wellness,AD-009,Video | Omega Freshness Test | Omega,152.02,4473,42,1.72,1,96.22,1,96.22
2026-07-19,Remarketing | DPA | Engagers 30D,Engagers + Visitors 30D,AD-201,DPA | Viewed Product 14D | Dynamic,463.99,14338,325,2.02,13,997.63,4,393.41
2026-07-19,Remarketing | DPA | Engagers 30D,Engagers + Visitors 30D,AD-202,Static | 'Still Thinking It Over?' 10% Offer,302.72,7899,139,1.67,6,473.18,2,193.68
2026-07-19,Remarketing | DPA | Engagers 30D,Engagers + Visitors 30D,AD-203,Video | Reviews Social Proof | All Products,262.63,7168,101,2.08,3,234.38,1,89.19
